-- phpMyAdmin SQL Dump
-- version 5.2.0
-- https://www.phpmyadmin.net/
--
-- Host: 127.0.0.1
-- Generation Time: Sep 27, 2024 at 12:21 PM
-- Server version: 10.4.27-MariaDB
-- PHP Version: 8.2.0

SET SQL_MODE = "NO_AUTO_VALUE_ON_ZERO";
START TRANSACTION;
SET time_zone = "+00:00";


/*!40101 SET @OLD_CHARACTER_SET_CLIENT=@@CHARACTER_SET_CLIENT */;
/*!40101 SET @OLD_CHARACTER_SET_RESULTS=@@CHARACTER_SET_RESULTS */;
/*!40101 SET @OLD_COLLATION_CONNECTION=@@COLLATION_CONNECTION */;
/*!40101 SET NAMES utf8mb4 */;

--
-- Database: `appointment`
--

-- --------------------------------------------------------

--
-- Table structure for table `admin`
--

CREATE TABLE `admin` (
  `idadmin` int(13) NOT NULL,
  `admin_name` varchar(45) NOT NULL,
  `admin_lastname` varchar(45) NOT NULL,
  `admin_position` varchar(45) NOT NULL,
  `admin_idcard` varchar(13) NOT NULL,
  `admin_username` varchar(45) NOT NULL,
  `admin_password` varchar(45) NOT NULL
) ENGINE=InnoDB DEFAULT CHARSET=utf8 COLLATE=utf8_thai_520_w2;

--
-- Dumping data for table `admin`
--

INSERT INTO `admin` (`idadmin`, `admin_name`, `admin_lastname`, `admin_position`, `admin_idcard`, `admin_username`, `admin_password`) VALUES
(1, 'ปัญจพล', 'กันใส', 'แพทย์', '1111', 'prem', '1234');

-- --------------------------------------------------------

--
-- Table structure for table `appointment`
--

CREATE TABLE `appointment` (
  `idappointment` int(11) NOT NULL,
  `HN` varchar(13) NOT NULL,
  `idadmin` int(13) NOT NULL,
  `appointment_date` date NOT NULL,
  `appointment_time` varchar(1) NOT NULL,
  `appointment_location` varchar(1) NOT NULL,
  `appointment_reason` varchar(1) NOT NULL,
  `detail` varchar(255) NOT NULL,
  `record_time` timestamp NULL DEFAULT current_timestamp(),
  `status` varchar(1) DEFAULT NULL
) ENGINE=InnoDB DEFAULT CHARSET=utf8 COLLATE=utf8_thai_520_w2;

--
-- Dumping data for table `appointment`
--

INSERT INTO `appointment` (`idappointment`, `HN`, `idadmin`, `appointment_date`, `appointment_time`, `appointment_location`, `appointment_reason`, `detail`, `record_time`, `status`) VALUES
(1, '1234', 1, '2024-02-26', '', '', '', '', '2024-02-26 15:22:36', '1'),
(2, '1234', 0, '2024-02-26', '', '', '', '', '0000-00-00 00:00:00', '1'),
(3, '1235', 0, '2024-02-26', '1', '1', '1', '', '2024-03-05 05:56:25', '1'),
(11, '1235', 0, '2024-02-26', '', '', '', '', '2024-01-30 14:08:39', '1'),
(12, '1239', 0, '2024-02-26', '', '', '', '', '2024-01-30 14:18:11', '2'),
(13, '1234', 0, '2024-02-26', '', '', '', '', '2024-02-03 05:50:19', '1'),
(17, '1232', 0, '2024-02-26', '', '', '', '', '2024-02-19 14:36:35', ''),
(18, '1242', 0, '2024-02-26', '', '', '', '', '2024-02-10 14:23:15', ''),
(19, '1240', 0, '2024-02-26', '', '', '', '', '2024-02-10 14:25:29', '2'),
(20, '1240', 0, '2024-02-26', '', '', '', '', '2024-02-10 14:28:34', '2'),
(21, '1242', 0, '2024-02-26', '', '', '', '', '2024-02-11 11:01:56', ''),
(22, '1240', 0, '2024-02-26', '', '', '', '', '0000-00-00 00:00:00', '1'),
(23, '1242', 0, '2024-02-26', '', '', '', '', '2024-02-12 10:00:58', ''),
(24, '1241', 2, '2024-02-26', '1', '1', '1', '', '2024-02-12 14:38:33', '2'),
(25, '1241', 3, '2024-02-26', '1', '2', '2', 'งดอาหารหลัง 2 ทุ่ม', '2024-02-13 13:14:44', ''),
(26, '1241', 2, '2024-02-26', '1', '1', '1', '', '2024-02-13 13:17:07', ''),
(27, '1241', 2, '2024-02-26', '1', '1', '1', 'นำยาเก่าที่เหลือมาด้วย', '2024-02-13 13:21:40', ''),
(28, '1244', 0, '2024-02-26', '', '', '', '', '2024-02-14 14:24:13', ''),
(29, '1234', 0, '2024-02-26', '', '', '', '', '2024-02-17 08:52:18', '1'),
(30, '1232', 0, '2024-02-26', '', '', '', '', '2024-02-19 14:25:55', ''),
(31, '1232', 0, '2024-02-26', '', '', '', '', '2024-02-19 14:28:45', ''),
(32, '1232', 0, '2024-02-26', '', '', '', '', '2024-02-19 14:36:15', ''),
(33, '1232', 0, '2024-02-26', '', '', '', '', '2024-02-20 13:27:31', ''),
(34, '1245', 0, '2024-02-26', '', '', '', '', '2024-02-20 13:29:50', ''),
(35, '1245', 0, '2024-02-26', '', '', '', '', '2024-02-20 13:30:06', ''),
(36, '1232', 0, '2024-02-26', '', '', '', '', '2024-02-20 14:57:20', ''),
(37, '1232', 0, '2024-02-26', '', '', '', '', '2024-02-21 15:27:00', ''),
(38, '1232', 0, '2024-02-26', '', '', '', '', '2024-02-21 15:27:39', ''),
(39, '1232', 0, '2024-02-26', '', '', '', '', '2024-02-21 15:28:47', ''),
(40, '1232', 0, '2024-02-26', '', '', '', '', '2024-02-21 15:31:14', ''),
(41, '1232', 0, '2024-02-26', '', '', '', '', '2024-02-21 15:32:15', ''),
(42, '1232', 0, '2024-02-26', '', '', '', '', '2024-02-21 15:35:08', ''),
(43, '1232', 0, '2024-02-26', '', '', '', '', '2024-02-21 15:36:35', ''),
(44, '1232', 0, '2024-02-26', '', '', '', '', '2024-02-21 15:41:38', ''),
(45, '1232', 0, '2024-02-26', '', '', '', '', '2024-02-21 15:44:06', ''),
(46, '1232', 0, '2024-02-26', '', '', '', '', '2024-02-21 15:44:28', ''),
(47, '1232', 0, '2024-02-26', '', '', '', '', '2024-02-21 15:45:11', ''),
(48, '1234', 0, '2024-02-26', '', '', '', '', '2024-02-23 12:56:22', '1'),
(49, '1234', 0, '2024-02-26', '', '', '', '', '2024-02-23 13:09:11', '1'),
(50, '1234', 0, '2024-02-26', '', '', '', '', '2024-02-23 13:09:57', '1'),
(51, '1245', 0, '2024-02-26', '', '', '', '', '2024-02-23 13:10:39', ''),
(52, '1245', 0, '2024-02-26', '', '', '', '', '2024-02-23 13:11:18', ''),
(53, '1241', 0, '2024-02-26', '', '', '', '', '2024-02-23 16:20:03', ''),
(54, '1234', 0, '2024-02-26', '', '', '', '', '2024-02-24 11:14:59', '1'),
(55, '1234', 0, '2024-02-26', '1', '1', '1', '', '2024-03-05 05:45:41', '1'),
(56, '1234', 0, '2024-03-07', '1', '1', '1', '', '2024-03-05 06:17:43', '1'),
(57, '10203', 1, '0000-00-00', '1', '1', '2', '45566', '2024-04-08 17:24:37', '1'),
(58, '10203', 1, '2024-04-07', '1', '5', '1', '', '2024-04-06 19:42:11', '2'),
(59, '639576', 1, '2024-09-19', '1', '2', '2', '-', '2024-09-19 06:26:59', '1'),
(60, '639576', 1, '2024-09-19', '2', '5', '2', '', '2024-09-19 06:44:54', '1'),
(61, '102530', 1, '2024-09-19', '1', '1', '2', '', '2024-09-19 07:00:54', '1');

-- --------------------------------------------------------

--
-- Table structure for table `appointment_location`
--

CREATE TABLE `appointment_location` (
  `idlocation` varchar(1) NOT NULL,
  `location_name` varchar(60) NOT NULL
) ENGINE=InnoDB DEFAULT CHARSET=utf8 COLLATE=utf8_thai_520_w2;

--
-- Dumping data for table `appointment_location`
--

INSERT INTO `appointment_location` (`idlocation`, `location_name`) VALUES
('1', 'ห้องรับยา'),
('2', 'คลินิคทันตกรรม'),
('3', 'ห้องทำแผล / ล้างแผล'),
('4', 'คลินิคแพทย์แผนไทย'),
('5', 'ห้องตรวจโรค');

-- --------------------------------------------------------

--
-- Table structure for table `appointment_reason`
--

CREATE TABLE `appointment_reason` (
  `idreason` varchar(1) NOT NULL,
  `reason_name` varchar(60) NOT NULL
) ENGINE=InnoDB DEFAULT CHARSET=utf8 COLLATE=utf8_thai_520_w2;

--
-- Dumping data for table `appointment_reason`
--

INSERT INTO `appointment_reason` (`idreason`, `reason_name`) VALUES
('1', 'รับยา'),
('2', 'ฟังผล (Follow Up)'),
('3', 'ทำแผล / ล้างแผล'),
('4', 'เจาะเลือด (ตรวจโรคฯ)'),
('5', 'ตรวจน้ำตาล (DTX)'),
('6', 'วัดความดันฯ'),
('7', 'แพทย์แผนไทย'),
('8', 'ทันตกรรม');

-- --------------------------------------------------------

--
-- Table structure for table `appointment_status`
--

CREATE TABLE `appointment_status` (
  `idstatus` varchar(1) NOT NULL,
  `status_name` varchar(50) NOT NULL
) ENGINE=InnoDB DEFAULT CHARSET=utf8 COLLATE=utf8_thai_520_w2;

--
-- Dumping data for table `appointment_status`
--

INSERT INTO `appointment_status` (`idstatus`, `status_name`) VALUES
('1', 'มาตามนัดหมายแล้ว'),
('2', 'ไม่มาตามนัดหมาย ');

-- --------------------------------------------------------

--
-- Table structure for table `appointment_time`
--

CREATE TABLE `appointment_time` (
  `id_time` varchar(1) NOT NULL,
  `time_name` varchar(60) NOT NULL
) ENGINE=InnoDB DEFAULT CHARSET=utf8 COLLATE=utf8_thai_520_w2;

--
-- Dumping data for table `appointment_time`
--

INSERT INTO `appointment_time` (`id_time`, `time_name`) VALUES
('1', 'ช่วงเช้า เวลา 08:00 น. - 12:00 น.'),
('2', 'ช่วงบ่าย เวลา 13:00 น. - 16:00 น.');

-- --------------------------------------------------------

--
-- Table structure for table `disease`
--

CREATE TABLE `disease` (
  `iddisease` varchar(11) CHARACTER SET utf8mb4 COLLATE utf8mb4_thai_520_w2 NOT NULL,
  `disease_name` varchar(255) CHARACTER SET utf8mb4 COLLATE utf8mb4_thai_520_w2 NOT NULL
) ENGINE=InnoDB DEFAULT CHARSET=utf8mb4 COLLATE=utf8mb4_general_ci;

--
-- Dumping data for table `disease`
--

INSERT INTO `disease` (`iddisease`, `disease_name`) VALUES
('1', 'โรคหัวใจ'),
('10', 'โรคตา'),
('11', 'โรคฟันและเหงือก'),
('12', 'โรคอ้วน'),
('13', 'โรคเกี่ยวกับระบบทางเดินอาหาร'),
('14', 'โรคซึมเศร้าและวิตกกังวล'),
('15', 'โรคปอด'),
('16', 'โรคมะเร็ง'),
('17', 'โรคอื่นๆ'),
('2', 'โรคความดันสูง'),
('3', 'โรคเบาหวาน'),
('4', 'โรคไขมัน'),
('5', 'โรคเกาท์'),
('6', 'โรคหลอดเลือดในสมอง'),
('7', 'โรคระบบทางเดินหายใจเรื้อรัง'),
('8', 'โรคไตเรื้อรัง'),
('9', 'โรคตับแข็ง');

-- --------------------------------------------------------

--
-- Table structure for table `patient`
--

CREATE TABLE `patient` (
  `HN` varchar(13) NOT NULL,
  `patient_name` varchar(45) NOT NULL,
  `patient_lastname` varchar(45) NOT NULL,
  `patient_idcard` varchar(13) NOT NULL,
  `patient_phone` varchar(10) NOT NULL,
  `patient_address` varchar(255) NOT NULL,
  `patient_birthday` date NOT NULL,
  `patient_blood` varchar(10) NOT NULL,
  `patient_password` varchar(45) NOT NULL,
  `patient_prefix` text DEFAULT NULL,
  `patient_disease` varchar(30) NOT NULL,
  `village_no` varchar(30) NOT NULL,
  `address` varchar(50) NOT NULL,
  `patent` varchar(30) NOT NULL,
  `weight` int(13) NOT NULL,
  `height` int(13) NOT NULL,
  `bps` int(13) NOT NULL,
  `bpd` int(13) NOT NULL,
  `p` int(13) NOT NULL,
  `waistline` int(13) NOT NULL,
  `token` varchar(255) DEFAULT NULL
) ENGINE=InnoDB DEFAULT CHARSET=utf8 COLLATE=utf8_thai_520_w2;

--
-- Dumping data for table `patient`
--

INSERT INTO `patient` (`HN`, `patient_name`, `patient_lastname`, `patient_idcard`, `patient_phone`, `patient_address`, `patient_birthday`, `patient_blood`, `patient_password`, `patient_prefix`, `patient_disease`, `village_no`, `address`, `patent`, `weight`, `height`, `bps`, `bpd`, `p`, `waistline`, `token`) VALUES
('10203', 'จันทร์เที่ยง', 'ทองคำ', '3560100895662', '', '266', '2022-08-02', '', '12345', 'นาง', 'DM', '8', '', 'อสม', 53, 180, 136, 0, 73, 90, NULL),
('102530', 'มูล', '  กันทะวัง', '3560100993753', '', '109', '0000-00-00', '', '1234', 'นาง', 'HT', '6', '', 'สูงอายุ', 30, 140, 138, 89, 84, 62, NULL),
('105530', 'อเนก', 'ผาเจริญ', '3560100974589', '', '127', '0000-00-00', '', '', 'นาย', 'DM-HT', '9', '', 'อสม', 60, 162, 150, 79, 69, 80, NULL),
('109451', 'สมคิด', 'ฤทธี', '3569900221699', '', '8/2', '0000-00-00', '', '', 'นาย', 'HT', '9', '', 'สูงอายุ', 53, 170, 131, 77, 79, 83, NULL),
('110608', 'บุปผา', 'ศรีวิชัย', '3560100966144', '', '495', '0000-00-00', '', '', 'นาง', 'HT', '9', '', 'สูงอายุ', 58, 155, 127, 65, 73, 80, NULL),
('111453', 'ชัยวัฒน์', 'ธินา', '2560100012452', '', '165/1', '0000-00-00', '', '', 'นาย', 'HT', '5', '', 'สปร', 60, 153, 164, 98, 85, 71, NULL),
('113378', 'สมพร ', 'พันธ์วงศ์', '3560100963811', '', '4', '0000-00-00', '', '', 'นาง', 'HT', '9', '', 'ปกส', 57, 155, 136, 78, 89, 78, NULL),
('114942', 'บุศรินทร์', '  ปิงเมือง', '3560100994849', '', '149', '0000-00-00', '', '', 'นาง', 'DM,HT', '6', '', 'อสม', 71, 158, 140, 78, 80, 88, NULL),
('116121', 'ลินดา', 'เชา', '3560100614302', '', '16', '0000-00-00', '', '', 'นาง', 'HT', '4', '', 'สูงอายุ', 56, 152, 114, 78, 84, 73, NULL),
('124834', 'ซิว', 'นันตา', '3560100626246', '', '167', '0000-00-00', '', '', 'นาง', 'HT', '5', '', 'สูงอายุ', 34, 145, 113, 66, 102, 84, NULL),
('12504', 'บรรจง', 'วงค์ษา', '3501900473101', '', '279', '0000-00-00', '', '', 'นาย', 'DM', '8', '', 'สูงอายุ', 57, 153, 126, 65, 69, 82, NULL),
('125517', 'ทอง', 'ทองจักร', '3560100238181', '', '6', '0000-00-00', '', '', 'นาย', 'HT', '13', '', 'สูงอายุ', 47, 160, 141, 86, 83, 76, NULL),
('125538', 'ราตรี', 'ยมงาม', '3560100620027', '', '285', '0000-00-00', '', '', 'นาง', 'DM-HT', '13', '', 'อสม', 66, 156, 130, 74, 85, 80, NULL),
('127489', 'อนงค์', 'คำมี', '3560100970842', '', '143/1', '0000-00-00', '', '', 'นาง', 'HT/Anemia', '11', '', 'ปกส', 65, 155, 134, 77, 94, 84, NULL),
('127731', 'ฝน', 'เทพสุธรรม', '3560100607691', '', '71/1', '0000-00-00', '', '', 'นาง', 'HT', '13', '', 'อสม', 47, 155, 123, 75, 74, 73, NULL),
('127992', 'พรรณี', 'มหาวรรณ์', '3560100969208', '', '88', '0000-00-00', '', '', 'นาง', 'HT', '9', '', 'สูงอายุ', 59, 150, 127, 68, 67, 85, NULL),
('129116', 'มาลัย', 'แจ่มจรัส', '3560100973001', '', '14', '0000-00-00', '', '', 'นาง', 'DM', '9', '', 'สปร', 60, 149, 130, 74, 80, 93, NULL),
('134313', 'อนุชา', 'ศรีเมือง', '3560100491944', '', '122/1', '0000-00-00', '', '', 'นาย', 'DM', '4', '', 'ปกส', 58, 163, 123, 70, 84, 75, NULL),
('135025', 'แสงหล้า', 'ยศธิ', '3560100615309', '', '35', '0000-00-00', '', '', 'นาง', 'HT', '11', '', 'สูงอายุ', 58, 156, 116, 64, 74, 83, NULL),
('137218', 'พนม', 'ธิโนชัย', '3570400729431', '', '34', '0000-00-00', '', '', 'นาย', 'HT', '4', '', 'UC', 56, 173, 130, 75, 83, 77, NULL),
('138194', 'ถนอม', 'อินจันทร์', '3560100625487', '', '158/1', '0000-00-00', '', '', 'นาย', 'HT', '5', '', 'สูงอายุ', 76, 170, 115, 55, 54, 98, NULL),
('138757', 'ฟองนวล', 'ฟูเชื้อ', '3560100898505', '', '155', '0000-00-00', '', '', 'นาง', 'DM,HT', '11', '', 'สูงอายุ', 50, 155, 124, 75, 102, 82, NULL),
('140329', 'ดวงพร', 'บุญมา', '3560100967116', '', '52', '0000-00-00', '', '', 'นาง', 'HT', '9', '', 'สูงอายุ', 54, 153, 130, 74, 80, 83, NULL),
('141472', 'บุญช่วย', 'สุขสำราญ', '3560500428263', '', '385', '0000-00-00', '', '', 'นาย', 'DM-HT', '5', '', 'ทหารผ่านศึก', 64, 160, 117, 75, 60, 80, NULL),
('141800', 'ผัด', 'คำเงิน', '3560100619509', '', '419', '0000-00-00', '', '', 'นาย', 'HT', '4', '', 'สูงอายุ', 54, 162, 127, 84, 74, 82, NULL),
('14359', 'แก้วมูล', 'อินทะนุ', '3560100961088', '', '109', '0000-00-00', '', '', 'นาย', 'HT', '11', '', 'สปร', 39, 158, 170, 96, 107, 80, NULL),
('145588', 'คำน้อย', 'สุยะ', '3560100963501', '', '80', '0000-00-00', '', '', 'นาง', 'HT', '11', '', 'อสม', 62, 156, 136, 78, 74, 82, NULL),
('150912', 'สมพิศ', 'ปิงเมือง', '3560100992650', '', '76', '0000-00-00', '', '', 'นาง', 'DM ,DLP', '6', '', 'สปร', 50, 160, 130, 87, 74, 73, NULL),
('153172', 'ยอดศรี', ' ทองฟัก', '5560190016911', '', '32', '0000-00-00', '', '', 'นาง', 'HT', '11', '', 'ปกส', 63, 155, 122, 61, 103, 80, NULL),
('153609', 'บัวเขียว', '  สารบุญเป็ง', '3560100894968', '', '75/1', '0000-00-00', '', '', 'นาง', 'HT', '11', '', 'สูงอายุ', 55, 150, 126, 71, 88, 83, NULL),
('154224', 'จันทร์แก้ว', 'ลำพูน', '3560100991092', '', '2', '0000-00-00', '', '', 'นาง', 'HT', '6', '', 'สูงอายุ', 38, 145, 146, 75, 89, 68, NULL),
('159210', 'ทองกลั่น', ' ปะมาละ', '3551000044785', '', '30', '0000-00-00', '', '', 'นาง', 'DM-HT', '11', '', 'พิการ', 69, 150, 155, 72, 87, 104, NULL),
('163027', 'สุทัศน์', 'คำไพโรจน์', '3560100963871', '', '05 ม.ค.', '0000-00-00', '', '', 'นาย', 'DM-HT', '9', '', 'สูงอายุ', 55, 160, 122, 74, 74, 77, NULL),
('168810', 'อรพรรณ', 'งามจิตต์', '3560100998054', '', '12', '0000-00-00', '', '', 'นาง', 'HT', '4', '', 'สูงอายุ', 63, 154, 105, 66, 87, 80, NULL),
('169784', 'วุ่น', 'ผัดดี', '3560100240534', '', '43/1', '0000-00-00', '', '', 'นาย', 'HT', '4', '', 'สูงอายุ', 52, 160, 131, 74, 82, 72, NULL),
('170538', 'นงคราญ', 'ทองส่งแสง', '3560100966781', '', '47', '0000-00-00', '', '', 'นาง', 'DM', '9', '', 'สปร', 84, 160, 124, 84, 72, 97, NULL),
('17381', 'เปลี่ยน', '  ปิงเมือง', '3560100604587', '', '149', '0000-00-00', '', '', 'นาย', 'DM-HT', '6', '', 'ค.อสม', 70, 172, 130, 79, 80, 86, NULL),
('17642', 'ผัด', 'งามพัก', '3560100612822', '', '347', '0000-00-00', '', '', 'นาย', 'DM', '13', '', 'สูงอายุ', 51, 165, 130, 84, 85, 75, NULL),
('178781', 'ศรี', 'นวลศรี', '3560100969887', '', '142', '0000-00-00', '', '', 'นาง', 'HT', '11', '', 'อสม.', 68, 164, 116, 78, 93, 76, NULL),
('179326', 'สุคำ', 'ทองจักร', '3560100610943', '', '127', '0000-00-00', '', '', 'นาย', 'HT', '13', '', 'สูงอายุ', 45, 157, 150, 79, 90, 70, NULL),
('18080', 'เม็ด', 'ปัญญา', '3560100609775', '', '104/1', '0000-00-00', '', '', 'นาง', 'HT', '4', '', 'สูงอายุ', 36, 135, 120, 78, 74, 72, NULL),
('181652', 'น้อย', 'ขันแก้ว', '3560100608370', '', '82/1', '0000-00-00', '', '', 'นาย', 'DM HT', '4', '', 'สูงอายุ', 60, 155, 135, 77, 80, 85, NULL),
('18277', 'ส่ง', ' ใฝ่จิต', '3560100607047', '', '57/1', '0000-00-00', '', '', 'นาย', 'HT', '4', '', 'สูงอายุ', 62, 158, 130, 70, 85, 85, NULL),
('186589', 'เอื้อมพร', '  คำเงิน', '3560100612130', '', '150/1', '0000-00-00', '', '', 'นาง', 'Dm-Ht', '4', '', 'สูงอายุ', 53, 150, 128, 78, 78, 75, NULL),
('188883', 'บัวเขียว', 'อิสาน', '5560100001366', '', '99', '0000-00-00', '', '', 'นาง', 'HT', '6', '', 'สูงอายุ', 50, 145, 136, 75, 74, 68, NULL),
('189606', 'หล้า', 'วังเสาร์', '3560100618961', '', '313', '0000-00-00', '', '', 'นาง', 'HT', '4', '', 'สูงอายุ', 50, 155, 130, 82, 87, 75, NULL),
('190950', 'ไชยเฉลิม', '  เศษฐอัครเบญจา', '2501800038234', '', '389', '0000-00-00', '', '', 'นาย', 'HT', '13', '', 'ปกส.', 50, 158, 117, 57, 86, 85, NULL),
('191685', 'กาญจนา', 'ขวัญตน', '3560100967965', '', '209', '0000-00-00', '', '', 'นาง', 'HT', '8', '', 'สูงอายุ', 55, 148, 133, 53, 73, 83, NULL),
('192354', 'วรนัน', 'กันทะวัง', '3569900120451', '', '183', '0000-00-00', '', '', 'นาง', 'HT', '15', '', 'อสม', 69, 150, 132, 74, 85, 82, NULL),
('192454', 'หน่อแก้ว', 'ไชยยศ', '3560100992803', '', '87', '0000-00-00', '', '', 'นาง', 'HT', '6', '', 'สูงอายุ', 62, 162, 136, 78, 86, 80, NULL),
('192809', 'เป็ง', '  สุทโธ', '3560100971814', '', '129', '0000-00-00', '', '', 'นาย', 'DM HT', '9', '', 'สูงอายุ', 72, 168, 112, 51, 82, 94, NULL),
('193123', 'วีระยุทธ', 'กาวิตา', '3560100609431', '', '120', '0000-00-00', '', '', 'นาย', 'HT', '4', '', 'UC', 80, 175, 137, 84, 74, 90, NULL),
('196639', 'สีแก้ว', 'แก้วหล้า', '3560100609023', '', '127', '0000-00-00', '', '', 'นาย', 'DM ', '17', '', 'สูงอายุ', 56, 168, 128, 66, 78, 84, NULL),
('197504', 'เป็ง', 'มณีรัตน์', '3560100883494', '', '23', '0000-00-00', '', '', 'นาง', 'HT', '6', '', 'สูงอายุ', 45, 155, 136, 75, 96, 75, NULL),
('199653', 'พิมพา', 'ข่ายสุวรรณ', '3560100627633', '', '297', '0000-00-00', '', '', 'นาง', 'HT', '5', '', 'สูงอายุ', 40, 150, 120, 70, 82, 78, NULL),
('199791', 'วรรณา', 'บัวเทศ', '3560100625410', '', '157/2', '0000-00-00', '', '', 'นาง', 'HT', '5', '', 'สูงอายุ', 52, 145, 136, 66, 73, 83, NULL),
('200018', 'ฟองจันทร์', 'โยธาทูล', '3560100619592', '', '418', '0000-00-00', '', '', 'นาง', 'HT', '4', '', 'สูงอายุ', 55, 152, 130, 75, 93, 80, NULL),
('201437', 'จันทร์ดี', 'ไชยบุตร', '3560100619932', '', '335', '0000-00-00', '', '', 'นาง', 'DM,HT', '4', '', 'สูงอายุ', 60, 156, 121, 61, 80, 88, NULL),
('202132', 'แสงเงิน', 'เรืองคำ', '3560100896910', '', '283', '0000-00-00', '', '', 'นาง', 'HT', '8', '', 'สูงอายุ', 60, 150, 151, 80, 105, 90, NULL),
('203316', 'วัน', '  วังมูล', '3560100606873', '', '55/1', '0000-00-00', '', '', 'นาย', 'Dm-Ht', '4', '', 'สูงอายุ', 57, 160, 131, 68, 74, 80, NULL),
('203699', 'ออน', 'ธรรมสาร', '3560100606865', '', '55', '0000-00-00', '', '', 'นาง', 'DM,HT', '4', '', 'สูงอายุ', 46, 156, 130, 80, 84, 75, NULL),
('204778', 'กฤษณา', 'เสมอเชื้อ', '3569900235622', '', '134', '0000-00-00', '', '', 'นาง', 'HT', '8', '', 'เบิกได้', 69, 152, 148, 69, 71, 88, NULL),
('206065', 'ชลิต', 'ทองส่งแสง', '3800900915606', '', '47', '0000-00-00', '', '', 'นาย', 'DM', '9', '', 'ปกส', 75, 170, 135, 91, 70, 100, NULL),
('206623', 'เสาร์', 'ฟูแสง', '3560100626998', '', '178', '0000-00-00', '', '', 'นาย', 'HT', '5', '', 'อสม', 65, 155, 115, 64, 85, 90, NULL),
('211194', 'บัวเรียว', 'เต๋ทา', '3560100615031', '', '38', '0000-00-00', '', '', 'นาง', 'HT', '17', '', 'อสม', 48, 147, 132, 76, 72, 75, NULL),
('211625', 'อำพรรณ์', 'ปวงวงค์', '3560100606580', '', '51', '0000-00-00', '', '', 'นางสาว', 'DM,HT', '4', '', 'สูงอายุ', 51, 160, 110, 68, 80, 80, NULL),
('215268', 'เรณู', 'เมืองคำ', '3560100894089', '', '30/1', '0000-00-00', '', '', 'นาง', 'HT', '8', '', 'สูงอายุ', 60, 150, 137, 68, 82, 97, NULL),
('216984', 'นวพร', 'ขวัญยืน', '3560100615899', '', '281', '0000-00-00', '', '', 'นาง', 'HT', '17', '', 'ปกส', 57, 157, 130, 88, 80, 77, NULL),
('221626', 'วุฒิภัทร', 'ภิญโญ', '1560100030886', '', '107', '0000-00-00', '', '', 'นาย', 'HT', '8', '', 'ปกส', 88, 170, 132, 74, 83, 92, NULL),
('222816', 'เกียรติ', 'จันทร์มูล', '3560100991050', '', '1', '0000-00-00', '', '', 'นาย', 'HT', '6', '', 'สปร', 70, 174, 136, 78, 96, 80, NULL),
('224194', 'อาภาพร', 'จันทร์ทิพย์', '1560100005521', '', '369', '0000-00-00', '', '', 'นาง', 'HT', '13', '', 'สปร.', 55, 153, 146, 79, 89, 75, NULL),
('224662', 'บัวบาน', 'คำตั๋นวงศ์', '3560100623034', '', '121/1', '0000-00-00', '', '', 'นาง', 'HT', '5', '', 'ค.อสม', 48, 150, 129, 70, 85, 75, NULL),
('225325', 'วุ่น', 'ทองจักร', '3560100238408', '', '9', '0000-00-00', '', '', 'นาย', 'HT', '13', '', 'สูงอายุ', 44, 155, 150, 69, 84, 72, NULL),
('225612', 'บัวลอย', 'หินแก้ว', '3560100611001', '', '128', '0000-00-00', '', '', 'นาง', 'DM-HT', '4', '', 'สูงอายุ', 43, 140, 115, 78, 71, 84, NULL),
('225641', 'เอี่ยม', ' บัวผัด', '3560100627871', '', '488', '0000-00-00', '', '', 'นาง', 'HT', '9', '', 'อสม', 73, 155, 116, 61, 80, 97, NULL),
('226382', 'สยาม', 'นาระจิตต์', '3560100996035', '', '179', '0000-00-00', '', '', 'นาย', 'DM,HT', '6', '', 'ปกส', 109, 173, 136, 96, 84, 92, NULL),
('226813', 'วิรุต', 'ไชยวงศ์', '3560100964893', '', '17', '0000-00-00', '', '', 'นาย', 'DM', '9', '', 'ปกส', 75, 175, 136, 87, 84, 90, NULL),
('229206', 'สมคิด', '  กันทะวัง', '3560100991416', '', '11', '0000-00-00', '', '', 'นาง', 'HT', '6', '', 'เบิกได้', 45, 145, 103, 65, 74, 68, NULL),
('229264', 'พิศ', '  เมืองคำ', '3560100963480', '', '364', '0000-00-00', '', '', 'นาง', 'Dm-Ht', '17', '', 'สูงอายุ', 45, 156, 140, 74, 88, 73, NULL),
('231564', 'สมหมาย', 'ราชไชยา', '5550700004854', '', '81/1', '0000-00-00', '', '', 'นาง', 'HT', '13', '', 'สูงอายุ', 47, 153, 167, 84, 78, 73, NULL),
('233012', 'ตุ่น ', 'อาจคำ', '3560100995675', '', '165/3', '0000-00-00', '', '', 'นาง', 'HT', '6', '', 'สูงอายุ', 53, 147, 146, 76, 84, 80, NULL),
('233456', 'สมศรี', '  ปันนะการ', '3560100518150', '', '85/1', '0000-00-00', '', '', 'นาง', 'HT', '9', '', 'สูงอายุ', 57, 150, 110, 70, 76, 80, NULL),
('234581', 'จารวี', 'เนตรสุวรรณ์', '3560100893422', '', '8', '0000-00-00', '', '', 'นาง', 'HT', '8', '', 'UC', 64, 156, 148, 91, 80, 83, NULL),
('234591', 'ปิยา', 'บุญเรือง', '3560100963994', '', '89/2', '0000-00-00', '', '', 'น.ส.', 'HT-DM', '9', '', 'สูงอายุ', 52, 150, 122, 77, 82, 85, NULL),
('237642', 'ยงยุทธ', 'ยมงาม', '4560100006645', '', '285', '0000-00-00', '', '', 'นาย', 'HT', '13', '', 'ค.อสม', 63, 160, 154, 91, 85, 80, NULL),
('237766', 'สมพงษ์', 'สุวรรณสะสม', '3560100615732', '', '401', '0000-00-00', '', '', 'นาย', 'DM', '13', '', 'สูงอายุ', 74, 170, 124, 77, 76, 84, NULL),
('240929', 'เบญจมาศ', 'หลวงคำ', '3550900074329', '', '162/3', '0000-00-00', '', '', 'นาง', 'HT', '4', '', 'UC', 59, 160, 160, 94, 86, 80, NULL),
('247655', 'พายัพ', 'มาลาทอง', '3660400133295', '', '38', '0000-00-00', '', '', 'นาย', 'HT', '13', '', 'UC', 63, 170, 136, 71, 87, 80, NULL),
('248891', 'ชไมพร', 'ฟูแสง', '3560100971491', '', '289', '0000-00-00', '', '', 'นาง', 'DM', '9', '', 'เบิกได้', 48, 154, 112, 78, 84, 74, NULL),
('248930', 'ประจวบ', 'นำพูลสัก', '3560100964907', '', '17/1', '0000-00-00', '', '', 'นาย', 'HT', '9', '', 'สูงอายุ', 52, 150, 130, 66, 88, 78, NULL),
('250803', 'จันแก้ว', 'กาวิตา', '3560100996086', '', '185', '0000-00-00', '', '', 'นาง', 'HT', '6', '', 'สูงอายุ', 48, 150, 110, 75, 80, 82, NULL),
('251159', 'ศรีนวล', '  ขันแก้ว', '3560100608388', '', '82/1', '0000-00-00', '', '', 'นาง', 'Dm', '4', '', 'สูงอายุ', 58, 160, 121, 74, 84, 90, NULL),
('251890', 'บำเพ็ญ', '  ปัญญาน้อย', '3560100608035', '', '78/1', '0000-00-00', '', '', 'นาง', 'DM HT', '4', '', 'สูงอายุ', 51, 155, 129, 72, 75, 75, NULL),
('251998', 'มณี', 'สุขดี', '3650400081074', '', '104', '0000-00-00', '', '', 'นาง', 'HT', '5', '', 'UC', 73, 155, 102, 50, 80, 90, NULL),
('252372', 'รัตนาพร', 'งามจิต', '3560100603912', '', '7', '0000-00-00', '', '', 'นาง', 'Dm-Ht', '3', '', 'ปกส', 85, 165, 130, 78, 82, 100, NULL),
('252401', 'ชาญชัย', 'สังฆทิพย์', '3450500037460', '', '232', '0000-00-00', '', '', 'นาย', 'DM,HT', '6', '', 'UC', 58, 163, 150, 90, 78, 77, NULL),
('252460', 'อัมพร', '  วงศ์ปัญญา', '5560100052530', '', '35', '0000-00-00', '', '', 'นาง', 'HT', '6', '', 'อสม', 61, 150, 149, 86, 74, 76, NULL),
('252602', 'หม่อม', ' บุญมา', '3560100968996', '', '83', '0000-00-00', '', '', 'นาง', 'HT', '9', '', 'สูงอายุ', 49, 150, 118, 60, 92, 85, NULL),
('253859', 'บัวผ่าน', 'บุญวงค์', '3560100957242', '', '168', '0000-00-00', '', '', 'นาง', 'HT', '11', '', 'สูงอายุ', 62, 162, 128, 74, 82, 82, NULL),
('255006', 'สมพร ', 'อภิชาวเหนือ', '3560100965652', '', '28', '0000-00-00', '', '', 'นาง', 'DM', '9', '', 'สูงอายุ', 55, 152, 128, 61, 80, 78, NULL),
('256785', 'อินหวัน', 'งามพักตร์', '3560100240151', '', '38', '0000-00-00', '', '', 'นาย', 'HT', '13', '', 'สูงอายุ', 56, 160, 161, 87, 90, 82, NULL),
('258318', 'เที่ยง', 'บุญเก่ง', '3560100611648', '', '141/1', '0000-00-00', '', '', 'นาง', 'DM HT', '17', '', 'สูงอายุ', 55, 156, 115, 65, 75, 76, NULL),
('259309', 'พร', 'กาวิตา', '3560100991131', '', '4', '0000-00-00', '', '', 'นาง', 'HT', '6', '', 'สูงอายุ', 60, 150, 141, 68, 74, 76, NULL),
('259860', 'ติ๊บ', 'ยะใจ', '5560100048117', '', '39', '0000-00-00', '', '', 'นาง', 'DM,HT', '6', '', 'สูงอายุ', 58, 147, 139, 86, 75, 73, NULL),
('262678', 'บัวคำ', ' มณีสีแก้ว', '3560700049258', '', '368', '0000-00-00', '', '', 'นาง', 'HT-DM', '9', '', 'อสม.', 63, 150, 120, 71, 75, 72, NULL),
('267857', 'ควร', ' จันทร์มูล', '3560100996566', '', '195/3', '0000-00-00', '', '', 'นาง', 'HT', '6', '', 'อสม', 52, 153, 110, 70, 84, 80, NULL),
('269216', 'ไสว', 'ยะใจ', '5560190001191', '', '127/1', '0000-00-00', '', '', 'นาง', 'HT', '6', '', 'สูงอายุ', 51, 157, 112, 54, 74, 76, NULL),
('271015', 'พิน', 'ธรรมสาร', '3560100610226', '', '182', '0000-00-00', '', '', 'นาง', 'HT', '4', '', 'สูงอายุ', 47, 156, 136, 84, 75, 70, NULL),
('271035', 'ปัญจารี', ' ปะมาละ', '3560100891764', '', '28', '0000-00-00', '', '', 'นาง', 'HT', '11', '', 'สูงอายุ', 62, 150, 124, 72, 78, 84, NULL),
('272215', 'อดุลย์', 'จันทร์แว่น', '3560100629431', '', '484', '0000-00-00', '', '', 'นาย', 'HT', '5', '', 'สูงอายุ', 69, 165, 130, 75, 82, 83, NULL),
('276633', 'วราภรณ์', 'ไชยาโส', '3560100895638', '', '265', '0000-00-00', '', '', 'นาง', 'HT', '8', '', 'UC', 63, 159, 128, 79, 66, 80, NULL),
('27758', 'กู้เกียรติ', 'เงินเย็น', '5560100051185', '', '15', '0000-00-00', '', '', 'นาย', 'HT', '9', '', 'สูงอายุ', 41, 157, 159, 95, 61, 72, NULL),
('285658', 'สมคิด', 'แก้วก้อน', '3560100961550', '', '63', '0000-00-00', '', '', 'นาง', 'HT', '11', '', 'ปกส', 70, 150, 145, 67, 76, 86, NULL),
('288408', 'ภัคฑิรา', 'เมืองคำบุตร', '3560100971334', '', '117/3', '0000-00-00', '', '', 'นาง', 'HT', '9', '', 'UC', 55, 155, 130, 75, 78, 80, NULL),
('289222', 'เปี้ย', 'ปิงเมือง', '3560100234607', '', '199', '0000-00-00', '', '', 'นาง', 'DM,HT', '6', '', 'สูงอายุ', 43, 150, 143, 73, 98, 78, NULL),
('291268', 'นงลักษ์', 'ไชยยศ', '3560500172170', '', '384', '0000-00-00', '', '', 'นาง', 'HT', '17', '', 'UC', 67, 155, 136, 79, 82, 80, NULL),
('292001', 'แก้ววรรณ', 'ดวงระหงษ์', '3510400401665', '', '157', '0000-00-00', '', '', 'นาง', 'DM', '9', '', 'สูงอายุ', 50, 153, 143, 85, 75, 83, NULL),
('293026', 'ทวีผล', 'ยศชูสกุล', '3560100611443', '', '136', '0000-00-00', '', '', 'นาย', 'HT Gout', '4', '', 'ค.อสม', 73, 167, 145, 75, 84, 83, NULL),
('294111', 'สมร', 'บุตรค้อ', '3560100606776', '', '373', '0000-00-00', '', '', 'นาง', 'HT', '13', '', 'สูงอายุ', 38, 150, 112, 78, 84, 65, NULL),
('294923', 'วันเพ็ญ', '  ปัญทะเวียง', '3560100610552', '', '27', '0000-00-00', '', '', 'นาง', 'DM', '4', '', 'UC', 45, 147, 137, 80, 79, 72, NULL),
('295156', 'หลาน', 'การิกา', '3560100616372', '', '260', '0000-00-00', '', '', 'นาย', 'HT', '17', '', 'ปกส', 53, 163, 145, 68, 88, 80, NULL),
('297462', 'แสงคล้าย', 'ประสงค์', '3560100611591', '', '140', '0000-00-00', '', '', 'นาง', 'DM,HT', '4', '', 'อสม', 57, 152, 130, 89, 82, 78, NULL),
('298265', 'บุญมี', '  เกตุรัตน์', '5560100032075', '', '70', '0000-00-00', '', '', 'นาย', 'Dm', '4', '', 'สปร', 58, 165, 130, 80, 82, 83, NULL),
('299062', 'จิ๋น', 'แก้วอนันต์', '3560100615155', '', '226/1', '0000-00-00', '', '', 'นาง', 'HT', '17', '', 'สูงอายุ', 50, 143, 143, 66, 88, 68, NULL),
('300513', 'ธิดาวัณย์', 'ศิริปา', '3560700286608', '', '46', '0000-00-00', '', '', 'นาง', 'HT', '9', '', 'อสม', 42, 145, 149, 86, 74, 75, NULL),
('302379', 'เกรียงไกร', 'จุมปา', '3570900521163', '', '105', '0000-00-00', '', '', 'นาย', 'HT', '8', '', 'สูงอายุ', 63, 165, 135, 71, 123, 80, NULL),
('302679', 'หล้า', 'สารบุญเป็ง', '5560190017089', '', '124', '0000-00-00', '', '', 'นาง', 'DM', '11', '', 'สูงอายุ', 45, 150, 127, 70, 80, 76, NULL),
('303839', 'น้อย', 'สุขใจบาน', '3560100615163', '', '228', '0000-00-00', '', '', 'นาง', 'HT', '17', '', 'สูงอายุ', 41, 145, 137, 54, 78, 68, NULL),
('304574', 'เลียมน้อย', 'ธิโนชัย', '3560100239978', '', '34', '0000-00-00', '', '', 'นาง', 'HT', '4', '', 'UC', 60, 155, 112, 74, 68, 80, NULL),
('304647', 'ทองเหรียญ', 'ไชยบุตร', '3560100612636', '', '160', '0000-00-00', '', '', 'นาย', 'HT', '4', '', 'สูงอายุ', 72, 170, 130, 74, 82, 84, NULL),
('305129', 'ทอน', 'เงินเย็น', '3560100920853', '', '298', '0000-00-00', '', '', 'นาง', 'HT', '6', '', 'ข้าราชการท้องถิ่น', 38, 140, 120, 78, 74, 68, NULL),
('305657', 'กิ่งคำ', 'ผัดดี', '3560100997414', '', '223', '0000-00-00', '', '', 'นาง', 'DM', '6', '', 'สปร', 62, 157, 156, 74, 82, 76, NULL),
('305763', 'บุญเลิศ', 'วงค์เสาร์', '3160600425847', '', '200', '0000-00-00', '', '', 'นาย', 'HT', '17', '', 'สูงอายุ', 68, 160, 137, 84, 74, 86, NULL),
('306079', 'ศศิกานต์', 'ดีสม', '3560100891624', '', '500', '0000-00-00', '', '', 'นาง', 'HT', '5', '', 'ทหารผ่านศึก', 60, 156, 134, 75, 79, 86, NULL),
('306570', 'ทองควร', 'ทินนา', '3560100619312', '', '326', '0000-00-00', '', '', 'นาง', 'HT', '4', '', 'สูงอายุ', 56, 150, 112, 78, 74, 75, NULL),
('306703', 'สว่าง', 'เนตรสุวรรณ์', '3560100893406', '', '222/1', '0000-00-00', '', '', 'นาง', 'HT', '8', '', 'สูงอายุ', 50, 150, 121, 59, 89, 88, NULL),
('307032', 'น้อย', 'ทินนา', '3560100240861', '', '47/1', '0000-00-00', '', '', 'นาง', 'HT', '4', '', 'สูงอายุ', 28, 135, 129, 78, 74, 68, NULL),
('310770', 'สุกันยา', 'วงค์เสาร์', '3560100614086', '', '200', '0000-00-00', '', '', 'นาง', 'HT', '17', '', 'ปกส', 55, 155, 131, 79, 85, 72, NULL),
('311425', 'ศรีพรรณ', 'รุจิระธนกุล', '3560100997317', '', '221', '0000-00-00', '', '', 'นาย', 'HT', '6', '', 'สูงอายุ', 66, 164, 163, 86, 74, 83, NULL),
('312560', 'ประพันธ์ ', 'จันตระกูล', '3560600342158', '', '609', '0000-00-00', '', '', 'ดต.', 'HT', '11', '', 'เบิกได้', 60, 165, 97, 48, 87, 80, NULL),
('31384', 'สุณี', 'ข่ายสุวรรณ', '3100602063811', '', '185', '0000-00-00', '', '', 'นาง', 'HT', '8', '', 'อสม', 59, 150, 122, 67, 82, 85, NULL),
('315184', 'วันนา', 'ผัดดี', '3560100992676', '', '75/1', '0000-00-00', '', '', 'นาง', 'HT', '6', '', 'อสม', 66, 156, 112, 75, 82, 76, NULL),
('315438', 'คำอ้าย', 'ใจเมตตา', '3560100621589', '', '52/1', '0000-00-00', '', '', 'นาย', 'HT', '5', '', 'พิการ', 62, 170, 130, 74, 81, 80, NULL),
('316939', 'จันทร์', 'ศรีคำ', '3570700135821', '', '303/2', '0000-00-00', '', '', 'นาง', 'DM', '6', '', 'สูงอายุ', 51, 150, 135, 74, 67, 76, NULL),
('318311', 'กัลยา', 'ใฝ่ใจ', '3560100615694', '', '242', '0000-00-00', '', '', 'นาง', 'HT', '13', '', 'อสม', 60, 146, 13, 84, 89, 76, NULL),
('318368', 'จำนง', 'หลักมั่น', '3560100992536', '', '69', '0000-00-00', '', '', 'นาง', 'HT', '6', '', 'สปร', 60, 158, 136, 86, 87, 82, NULL),
('318585', 'วุ่น', 'ราชไชยา', '3560100620108', '', '344/1', '0000-00-00', '', '', 'นาง', 'DM,HT', '13', '', 'พิการ', 48, 155, 136, 84, 96, 73, NULL),
('320489', 'ประทุมมา', 'ศรีเทา', '3560100894925', '', '255/1', '0000-00-00', '', '', 'นาง', 'HT', '8', '', 'UC', 53, 153, 168, 78, 78, 78, NULL),
('323782', 'จันทร์', 'ณ คำ', '3560100998771', '', '134/1', '0000-00-00', '', '', 'นาง', 'HT', '6', '', 'อสม', 60, 150, 130, 78, 86, 80, NULL),
('324934', 'แสงเมือง', 'โยธา', '3560100240313', '', '40/1', '0000-00-00', '', '', 'นาย', 'DM-HT', '13', '', 'สูงอายุ', 53, 152, 136, 74, 85, 76, NULL),
('325092', 'มนตรี', 'อินทะนุ', '3560100891497', '', '56', '0000-00-00', '', '', 'นาย', 'HT', '8', '', 'UC', 73, 153, 120, 70, 80, 112, NULL),
('325471', 'บ่าย', 'จันทร์มูล', '3560100994814', '', '180', '0000-00-00', '', '', 'นาย', 'HT', '6', '', 'สูงอายุ', 71, 165, 162, 85, 61, 72, NULL),
('326808', 'จักรกริช', 'เมืองคำ', '2560100021851', '', '199', '0000-00-00', '', '', 'นาย', 'HT', '11', '', 'UC', 92, 167, 136, 78, 86, 88, NULL),
('32691', 'บุญช่วย', '  สุริยะ', '3560100996850', '', '487', '0000-00-00', '', '', 'นาย', 'HT', '6', '', 'สูงอายุ', 47, 146, 112, 74, 76, 89, NULL),
('327527', 'เบญจวรรณ', 'จันทะมาศ', '3250100457226', '', '6', '0000-00-00', '', '', 'นาง', 'HT', '6', '', 'สูงอายุ', 51, 145, 136, 75, 85, 72, NULL),
('328395', 'อำพร', 'ธิสนุก', '3560100613233', '', '19', '0000-00-00', '', '', 'นาง', 'HT', '4', '', 'UC', 85, 147, 150, 78, 78, 92, NULL),
('328744', 'มงคล ', 'เขียวทอง', '3570501041753', '', '93', '0000-00-00', '', '', 'นาย', 'DM,HT', '4', '', 'UC', 75, 160, 109, 95, 88, 83, NULL),
('330022', 'ปั๊ด', 'ทองจักร', '3560100238220', '', '06 ม.ค.', '0000-00-00', '', '', 'นาย', 'HT', '13', '', 'สูงอายุ', 40, 153, 134, 73, 71, 68, NULL),
('330559', 'บัวหลัน', 'อินทะนุ', '3560100891489', '', '58', '0000-00-00', '', '', 'นาง', 'HT', '8', '', 'สูงอายุ', 68, 155, 125, 69, 76, 78, NULL),
('330622', 'อาชวี', ' จรณวัตร', '3101400829091', '', '20', '0000-00-00', '', '', 'นาย', 'DM', '4', '', 'สูงอายุ', 80, 172, 137, 76, 84, 90, NULL),
('331283', 'คำเอ้ย', 'ยศธิ', '3560100613314', '', '173', '0000-00-00', '', '', 'นาง', 'HT', '17', '', 'สปร', 47, 150, 116, 67, 82, 74, NULL),
('332243', 'รอย', 'สิทธิเลิศ (เสริมงาม)', '3310400530939', '', '43', '0000-00-00', '', '', 'นาง', 'HT', '13', '', 'ปกส', 78, 160, 136, 82, 83, 86, NULL),
('335302', 'ศรี', 'เขื่อนคำ', '3560100608426', '', '83', '0000-00-00', '', '', 'นาง', 'HT', '13', '', 'อสม', 36, 138, 112, 74, 85, 63, NULL),
('335722', 'ศิรประภา', 'ฉัตรเงิน', '3560100614329', '', '203', '0000-00-00', '', '', 'นาง', 'HT', '4', '', 'อสม', 51, 146, 136, 84, 76, 78, NULL),
('335856', 'ทองดี', 'บุญวงค์', '3560100957234', '', '168', '0000-00-00', '', '', 'นาย', 'HT', '11', '', 'สูงอายุ', 62, 165, 132, 76, 69, 83, NULL),
('335951', 'พิทักษ์', 'วิชัยรัตน์', '3560100628958', '', '218/2', '0000-00-00', '', '', 'นาย', 'DM-HT', '5', '', 'สูงอายุ', 82, 168, 128, 78, 94, 102, NULL),
('336452', 'ไล', 'จักปวง', '3560100991874', '', '41', '0000-00-00', '', '', 'นาง', 'HT', '6', '', 'สูงอายุ', 52, 145, 126, 88, 74, 73, NULL),
('337905', 'สุกันยา', '  เทพวงค์', '3560100609902', '', '106', '0000-00-00', '', '', 'น.ส.', 'HT', '13', '', 'สูงอายุ', 46, 143, 130, 78, 82, 76, NULL),
('340166', 'กาบจันทร์', 'ฟูเชื้อ', '3560100897720', '', '52', '0000-00-00', '', '', 'นาง', 'HT', '11', '', 'UC', 67, 160, 134, 72, 80, 84, NULL),
('340968', 'คล้าย', 'วงค์มูล', '3560100240003', '', '34', '0000-00-00', '', '', 'นาง', 'HT', '4', '', 'สูงอายุ', 46, 150, 136, 72, 70, 68, NULL),
('341247', 'สมมี', 'จันทร์ทิพย์', '3560100617433', '', '369', '0000-00-00', '', '', 'นาย', 'HT', '13', '', 'สูงอายุ', 58, 155, 130, 72, 94, 76, NULL),
('342184', 'มอญ', 'หน่อทอง', '3560100618502', '', '109', '0000-00-00', '', '', 'นาง', 'HT', '4', '', 'สปร', 61, 150, 112, 63, 74, 84, NULL),
('346828', 'สุเทพ', 'เยอส่อ', '8571584123452', '', '19', '0000-00-00', '', '', 'นาย', 'HT', '15', '', 'UC', 85, 170, 127, 84, 96, 85, NULL),
('349282', 'จันทร์สม', 'ผลดี', '3560100626467', '', '169', '0000-00-00', '', '', 'นาง', 'DM-HT', '5', '', 'สูงอายุ', 39, 150, 136, 63, 61, 67, NULL),
('349549', 'สุวัฒน์ธเนศ', 'ใจมิภักดิ์', '3560700206388', '', '131', '0000-00-00', '', '', 'นาย', 'HT', '17', '', 'ปกส', 63, 164, 116, 74, 84, 84, NULL),
('349581', 'จรัส', 'ดวงแก้ว', '3560100991572', '', '17', '0000-00-00', '', '', 'นาย', 'HT', '6', '', 'สูงอายุ', 65, 185, 162, 75, 96, 74, NULL),
('350332', 'กาบ', 'สุขดี', '3560100968333', '', '73/1', '0000-00-00', '', '', 'นาง', 'DM', '9', '', 'สูงอายุ', 56, 155, 127, 70, 78, 84, NULL),
('350726', 'ดำรง', 'วงค์บุญมา', '3570101541791', '', '117', '0000-00-00', '', '', 'นาย', 'DM', '6', '', 'สูงอายุ', 65, 167, 116, 78, 86, 84, NULL),
('350732', 'บัวผัน', 'ทะยศ', '3560100239331', '', '24', '0000-00-00', '', '', 'นาง', 'DM ', '17', '', 'สูงอายุ', 55, 150, 128, 74, 86, 82, NULL),
('350842', 'คำ', 'ใฝ่จิตร', '3560100616836', '', '4', '0000-00-00', '', '', 'นาง', 'HT', '13', '', 'สูงอายุ', 45, 165, 157, 84, 87, 68, NULL),
('355930', 'ศรีบัว', 'เมืองมูล', '3560100966012', '', '32/1', '0000-00-00', '', '', 'นาง', 'DM HT', '9', '', 'สูงอายุ', 45, 145, 130, 58, 81, 75, NULL),
('356414', 'กฤษณะพงษ์', 'หาญรับ', '3560100625177', '', '153/3', '0000-00-00', '', '', 'นาย', 'DM', '5', '', 'ค.อสม.', 73, 170, 137, 88, 84, 83, NULL),
('357789', 'สมชาติ', 'ตุตาโน', '3560100625070', '', '153/2', '0000-00-00', '', '', 'นาย', 'DM', '5', '', 'สปร.', 72, 159, 140, 80, 88, 106, NULL),
('359637', 'จารุณี', 'กันทะลาด', '3560100629521', '', '228/1', '0000-00-00', '', '', 'นาง', 'HT', '5', '', 'สูงอายุ', 51, 153, 123, 60, 85, 83, NULL),
('359824', 'เปลี่ยน', 'ราชไชยา', '3560100608248', '', '81/1', '0000-00-00', '', '', 'นาย', 'DM HT', '13', '', 'สูงอายุ', 47, 160, 130, 88, 79, 76, NULL),
('360296', 'อรัญ', 'ใจมา', '3560100627072', '', '476', '0000-00-00', '', '', 'นาย', 'DM-HT', '9', '', 'ค.อสม', 78, 173, 151, 98, 62, 89, NULL),
('361878', 'มาลี', 'เนตรเสนีย์', '3560100893350', '', '219', '0000-00-00', '', '', 'นาง', 'DM-HT', '8', '', 'สูงอายุ', 45, 145, 95, 80, 72, 75, NULL),
('367162', 'หล้า', 'วงค์มูล', '3560700195297', '', '146', '0000-00-00', '', '', 'นาง', 'HT', '6', '', 'สปร', 63, 153, 136, 85, 76, 76, NULL),
('368176', 'ศรีวรรณ', 'คำตั๋นวงศ์', '3520500239029', '', '121', '0000-00-00', '', '', 'นาง', 'HT', '5', '', 'สูงอายุ', 55, 151, 119, 62, 95, 78, NULL),
('37009', 'คำมูล', 'ยาตรา', '3560100628478', '', '207/1', '0000-00-00', '', '', 'นาง', 'HT', '5', '', 'สูงอายุ', 62, 157, 124, 75, 81, 85, NULL),
('370145', 'นันทิชา', 'หันทนนท์', '3560600162648', '', '139', '0000-00-00', '', '', 'นาง', 'DM,HT', '15', '', 'อสม', 52, 145, 149, 89, 73, 79, NULL),
('37565', 'ไข่แก้ว', 'คำทา', '3560100890253', '', '9', '0000-00-00', '', '', 'นาง', 'DM-HT', '8', '', 'สูงอายุ', 56, 145, 143, 68, 98, 105, NULL),
('380606', 'สมพร ', 'ริค้า', '3560100971377', '', '361', '0000-00-00', '', '', 'นาง', 'HT', '5', '', 'อสม.', 63, 145, 156, 81, 76, 80, NULL),
('382793', 'ทุม', 'เขื่อนคำ', '3560100608418', '', '83', '0000-00-00', '', '', 'นาย', 'HT', '13', '', 'ค.อสม.', 52, 163, 130, 84, 74, 76, NULL),
('382891', 'ณรงค์ชัย', 'ทนันชัย', '3560100624944', '', '151', '0000-00-00', '', '', 'นาย', 'HT', '5', '', 'สปร', 71, 170, 147, 82, 85, 83, NULL),
('386037', 'ธนัญกรณ์', 'ก้อนคำ', '3560100100619', '', '126', '0000-00-00', '', '', 'นาง', 'DM', '15', '', 'สปร', 67, 158, 155, 90, 83, 84, NULL),
('386383', 'นฤนาศ', 'เกตุรัตน์', '3560100611257', '', '406', '0000-00-00', '', '', 'นาง', 'Dm-Ht', '4', '', 'สูงอายุ', 54, 160, 123, 78, 84, 73, NULL),
('393084', 'ปรานอม', 'นุ่นสำลี', '3560100620329', '', '354/1', '0000-00-00', '', '', 'นาง', 'HT', '17', '', 'สูงอายุ', 38, 155, 136, 86, 78, 70, NULL),
('393497', 'บุญดี', 'ฟูแสง', '3560100238131', '', '4', '0000-00-00', '', '', 'นาย', 'HT', '13', '', 'ปกส', 60, 180, 154, 77, 72, 80, NULL),
('394188', 'วันเพ็ญ', 'หาญรับ', '3560100625142', '', '153/1', '0000-00-00', '', '', 'นาง', 'DM', '5', '', 'สูงอายุ', 50, 150, 136, 79, 74, 75, NULL),
('399797', 'บุญช่วย', 'ใฝ่จิตร', '3560100620256', '', '351', '0000-00-00', '', '', 'นาย', 'DM HT', '13', '', 'ปกส', 76, 166, 164, 74, 70, 86, NULL),
('400434', 'พงศธร', 'ประโจทันตา', '3560100618430', '', '305', '0000-00-00', '', '', 'นาย', 'DM', '4', '', 'ปกส.', 53, 163, 116, 87, 80, 80, NULL),
('400549', 'ศรีมา', ' สุทโธ', '3560100970028', '', '97', '0000-00-00', '', '', 'นาย', 'HT', '9', '', 'อสม', 66, 165, 140, 87, 53, 97, NULL),
('400882', 'อินจันทร์', ' วังเสาร์', '3560100615911', '', '251', '0000-00-00', '', '', 'นาย', 'HT', '17', '', 'เบิกได้', 63, 168, 137, 87, 68, 90, NULL),
('403544', 'วิไล', 'กวางทอง', '3570900503262', '', '23', '0000-00-00', '', '', 'นาง', 'DM', '15', '', 'อสม', 58, 156, 136, 78, 71, 78, NULL),
('403595', 'ศรีวรรณ', 'งามจิตร', '3560100618529', '', '310/1', '0000-00-00', '', '', 'นาง', 'HT', '17', '', 'สปร', 63, 150, 112, 78, 96, 76, NULL),
('404871', 'จรินทร์', 'ภิญโญ', '3560100891128', '', '41', '0000-00-00', '', '', 'นาย', 'HT', '8', '', 'สูงอายุ', 62, 155, 142, 106, 80, 83, NULL),
('407604', 'ร่วง', 'งามพักต์', '3560100240658', '', '44/1', '0000-00-00', '', '', 'นาย', 'HT', '13', '', 'สูงอายุ', 59, 157, 136, 78, 89, 83, NULL),
('40868', 'ศรีหลาด', ' นวลศรี', '3560100971458', '', '119', '0000-00-00', '', '', 'นาง', 'HT', '9', '', 'พิการ', 59, 162, 125, 78, 74, 83, NULL),
('410753', 'ลพ', 'อินสิยา', '3560100971890', '', '92/1', '0000-00-00', '', '', 'นาง', 'DM', '9', '', 'สูงอายุ', 49, 155, 154, 86, 84, 75, NULL),
('411969', 'วันเพ็ญ', 'ทองจักร', '3560100238190', '', '6', '0000-00-00', '', '', 'นาง', 'HT', '13', '', 'สูงอายุ', 47, 152, 132, 75, 78, 68, NULL),
('413073', 'ญาณี', 'ศรชัย', '3570400037131', '', '133', '0000-00-00', '', '', 'นาง', 'HT', '9', '', 'UC', 58, 147, 133, 70, 79, 83, NULL),
('413083', 'ศรีจันทร์', ' เมืองมูล', '3570900626330', '', '201', '0000-00-00', '', '', 'นาย', 'HT-DM', '9', '', 'ค.อสม', 52, 160, 130, 70, 79, 88, NULL),
('414690', 'ภัคฏิภัธฐ์', 'ศรียงยศ', '3420300207736', '', '20', '0000-00-00', '', '', 'น.ส.', 'DM', '15', '', 'UC', 68, 154, 121, 66, 99, 83, NULL),
('416724', 'แสงเพียร', ' ยนต์วงศ์', '3560100991947', '', '46', '0000-00-00', '', '', 'นาง', 'HT', '6', '', 'อสม', 68, 158, 131, 78, 76, 84, NULL),
('417051', 'สว่าง', 'ปะมาละ', '3560100240399', '', '42', '0000-00-00', '', '', 'นาย', 'HT', '13', '', 'ปกส.', 63, 168, 136, 74, 84, 83, NULL),
('417254', 'สายเทียม', 'บรรลีอ ', '3560100900160', '', '352/1', '0000-00-00', '', '', 'นาง', 'HT', '8', '', 'สูงอายุ', 50, 148, 148, 75, 75, 83, NULL),
('418406', 'มาลี', 'ธรรมศิริ', '2550600011889', '', '203', '0000-00-00', '', '', 'นาง', 'HT', '5', '', 'UC', 70, 165, 123, 75, 83, 83, NULL),
('419678', 'วินัย', '  กันทา', '3501200098501', '', '198', '0000-00-00', '', '', 'นาย', 'HT', '5', '', 'ค.อสม', 64, 165, 123, 74, 81, 83, NULL),
('42066', 'เทียม', 'ปะมาละ', '3560100608655', '', '87', '0000-00-00', '', '', 'นาย', 'HT', '4', '', 'สูงอายุ', 54, 170, 130, 78, 74, 72, NULL),
('420781', 'จันทร์น้อย', 'นามจิต', '3560100899358', '', '121/1', '0000-00-00', '', '', 'นาง', 'HT', '15', '', 'สปร', 70, 145, 154, 93, 83, 90, NULL),
('421192', 'มี', ' ธรรมสาร', '3560100606806', '', '55', '0000-00-00', '', '', 'นาย', 'HT', '4', '', 'สูงอายุ', 70, 161, 123, 76, 82, 88, NULL),
('421308', 'ลภ', ' ใจจันทา', '5569990002297', '', '492', '0000-00-00', '', '', 'นาย', 'HT', '9', '', 'ค.อสม', 48, 160, 162, 79, 95, 73, NULL),
('421355', 'มาลี', 'เรืองคำ', '3560100896928', '', '358', '0000-00-00', '', '', 'นาง', 'HT', '8', '', 'สูงอายุ', 58, 159, 143, 80, 52, 85, NULL),
('424030', 'อำพร', 'อาจคำ', '3560100995683', '', '165/3', '0000-00-00', '', '', 'นาง', 'HT', '6', '', 'อสม', 63, 148, 136, 79, 84, 80, NULL),
('424988', 'วิทยา', 'นนทมาลย์', '3520500345201', '', '10', '0000-00-00', '', '', 'นาย', 'HT', '3', '', 'ปกส', 95, 160, 53, 81, 84, 106, NULL),
('425605', 'กนกพร', 'วงษา', '3560600393755', '', '279/1', '0000-00-00', '', '', 'นาง', 'HT', '8', '', 'ปกส', 45, 150, 134, 78, 81, 78, NULL),
('431375', 'ฟองจันทร์', ' ปันนะการ', '4560100007072', '', '164', '0000-00-00', '', '', 'น.ส.', 'HT-DM', '9', '', 'สูงอายุ', 62, 155, 138, 69, 80, 101, NULL),
('431390', 'จันทนา', 'อู่ทอง', '3600700649220', '', '196', '0000-00-00', '', '', 'นาง', 'DM', '9', '', 'ปกส', 93, 165, 117, 72, 77, 112, NULL),
('431522', 'เรวัต', 'มหาวัน', '3560300149719', '', '151', '0000-00-00', '', '', 'นาย', 'DM', '7', '', 'UC', 81, 162, 115, 74, 98, 83, NULL),
('434536', 'ลัดดา', 'ทองจักร', '3560100620591', '', '20', '0000-00-00', '', '', 'นาง', 'HT', '13', '', 'สูงอายุ', 54, 156, 112, 74, 96, 75, NULL),
('436020', 'ประพันธ์', 'ผลดี', '3560100627927', '', '194/2', '0000-00-00', '', '', 'นาย', 'HT', '5', '', 'สูงอายุ', 55, 165, 138, 73, 84, 80, NULL),
('436515', 'สิทธิ์', 'ไชยยศ', '3560100613578', '', '384', '0000-00-00', '', '', 'นาย', 'HT', '17', '', 'สูงอายุ', 66, 168, 136, 78, 82, 82, NULL),
('438483', 'บัวขิน', '  มหาวรรณ', '3560100967353', '', '56/1', '0000-00-00', '', '', 'นาง', 'HT', '9', '', 'สูงอายุ', 45, 155, 128, 75, 84, 73, NULL),
('438571', 'ผัด', 'เทพสุธรรม', '3560100997597', '', '227', '0000-00-00', '', '', 'นาง', 'HT', '6', '', 'สูงอายุ', 60, 164, 122, 78, 74, 80, NULL),
('439940', 'ธนเดช', 'ปัญญะสังข์', '3309900973757', '', '202', '0000-00-00', '', '', 'นาย', 'HT', '9', '', 'สูงอายุ', 59, 170, 137, 78, 81, 80, NULL),
('441306', 'โสพิน', 'เทพวงค์', '3580100158048', '', '106', '0000-00-00', '', '', 'นาง', 'HT', '13', '', 'สปร', 50, 150, 135, 62, 84, 77, NULL),
('447376', 'เปล่ง', 'จักปวง', '3560100991891', '', '41', '0000-00-00', '', '', 'นาย', 'DM', '6', '', 'ปกส', 75, 167, 137, 86, 82, 82, NULL),
('452962', 'อนงค์ ', 'ทะยศ', '3560100996175', '', '187', '0000-00-00', '', '', 'นาง', 'HT', '6', '', 'สูงอายุ', 62, 147, 126, 74, 84, 80, NULL),
('456025', 'หยวด', 'ทะยศ', '3560100997651', '', '227/2', '0000-00-00', '', '', 'นาย', 'DM,HT', '6', '', 'สูงอายุ', 68, 160, 139, 71, 76, 88, NULL),
('457539', 'สุคำ', 'รวมสุข', '3560100154875', '', '153', '0000-00-00', '', '', 'นาง', 'HT', '6', '', 'ค.อสม', 56, 150, 136, 74, 80, 78, NULL),
('45970', 'ทัศนีย์ ', 'งามจิตต์', '3560100220452', '', '141', '0000-00-00', '', '', 'นาง', 'HT', '17', '', 'อสม', 58, 155, 136, 76, 94, 80, NULL),
('460650', 'ก่วน', 'ทองทวี', '3560100980783', '', '102', '0000-00-00', '', '', 'นาย', 'HT', '6', '', 'สูงอายุ', 53, 160, 120, 67, 82, 70, NULL),
('462321', 'สุรศักดิ์', 'ปามาละ', '3560100961151', '', '410', '0000-00-00', '', '', 'นาย', 'HT', '4', '', 'สูงอายุ', 68, 170, 129, 78, 84, 83, NULL),
('462598', 'อุษณีย์', 'เมืองคำบุตร', '3560100971318', '', '117/1', '0000-00-00', '', '', 'นาง', 'HT', '9', '', 'UC', 56, 155, 119, 66, 90, 85, NULL),
('466349', 'จันทร์ดี', ' อุยานะ', '3560100895336', '', '66', '0000-00-00', '', '', 'นาง', 'HT', '11', '', 'สูงอายุ', 49, 155, 118, 51, 79, 75, NULL),
('466354', 'ปัน', '  ดวงแก้ว', '3560100994351', '', '129', '0000-00-00', '', '', 'นาง', 'HT', '6', '', 'สูงอายุ', 43, 150, 135, 54, 79, 68, NULL),
('467249', 'เกตสุดา', 'คำเขียว', '3560100895026', '', '255/3', '0000-00-00', '', '', 'นาง', 'HT', '8', '', 'สูงอายุ', 51, 150, 166, 77, 88, 85, NULL),
('467623', 'บุญมี', 'จำศิลป์', '3199700059344', '', '', '0000-00-00', '', '', 'นาย', 'HT', '17', '', 'สูงอายุ', 80, 156, 136, 79, 86, 88, NULL),
('468972', 'แสงอวน', 'คำอ้าย', '5560100036879', '', '145', '0000-00-00', '', '', 'นาง', 'HT', '6', '', 'สูงอายุ', 57, 150, 166, 97, 80, 76, NULL),
('470851', 'วรรณา', '  สมประธาน', '5609990015339', '', '230', '0000-00-00', '', '', 'นาง', 'HT', '5', '', 'UC', 57, 150, 147, 97, 64, 83, NULL),
('472338', 'จรัญ', 'ริค้า', '3560100630162', '', '361', '0000-00-00', '', '', 'นาย', 'HT', '5', '', 'UC', 72, 172, 130, 75, 87, 83, NULL),
('473991', 'ปาณิศรา', 'ปราคำ', '3329900202467', '', '64', '0000-00-00', '', '', 'นาง', 'HT', '15', '', 'ผู้นำชุมชน', 82, 160, 148, 76, 96, 83, NULL),
('474493', 'กัลยา', 'ณ คำ', '3560100991505', '', '15', '0000-00-00', '', '', 'นาง', 'HT', '6', '', 'สปร', 88, 153, 136, 78, 96, 80, NULL),
('482868', 'ประพรรณ', 'คำตั๋นวงศ์', '3560100622968', '', '504', '0000-00-00', '', '', 'นาย', 'DM', '5', '', 'สูงอายุ', 0, 0, 0, 0, 0, 0, NULL),
('483868', 'สุริน', 'ศรีคำ', '3560100998305', '', '260/1', '0000-00-00', '', '', 'น.ส.', 'DM', '6', '', 'สูงอายุ', 47, 145, 142, 87, 78, 78, NULL),
('484973', 'ฝังพร', 'เยอเซ่อ', '5570700128227', '', '19', '0000-00-00', '', '', 'นาง', 'HT', '15', '', 'สูงอายุ', 45, 148, 148, 85, 62, 85, NULL),
('485730', 'สนิท', '  สิทธิ', '3560100966161', '', '34/2', '0000-00-00', '', '', 'นาย', 'DM-HT', '9', '', 'ค.อสม', 62, 168, 124, 71, 82, 89, NULL),
('485732', 'มะลิวัน', 'มูลชนะ', '3560100616747', '', '267', '0000-00-00', '', '', 'นาง', 'HT', '13', '', 'ผู้นำชุมชน', 57, 153, 126, 96, 74, 75, NULL),
('488706', 'ศักดิ์', 'เทพวัง', '3560100997589', '', '213/1', '0000-00-00', '', '', 'นาย', 'HT', '6', '', 'สูงอายุ', 56, 165, 142, 86, 80, 75, NULL),
('496612', 'อธิชา', 'กิตติบุญญานนท์', '3101702120515', '', '15', '0000-00-00', '', '', 'นาง', 'HT', '15', '', 'ปกส', 52, 155, 110, 70, 73, 83, NULL),
('502482', 'พีระ', 'อุเทน', '5560100032661', '', '217/4', '0000-00-00', '', '', 'นาย', 'DM', '6', '', 'สูงอายุ', 69, 163, 160, 79, 86, 85, NULL),
('502487', 'นวล', 'งามพักต์', '3560100240666', '', '44/1', '0000-00-00', '', '', 'นาง', 'HT', '13', '', 'สูงอายุ', 50, 157, 126, 74, 84, 75, NULL),
('505432', 'อนันต์นพ', 'ปิงเมือง', '3560100927980', '', '58', '0000-00-00', '', '', 'นาย', 'Dm-Ht', '10', '', 'สูงอายุ', 55, 160, 142, 71, 85, 78, NULL),
('511913', 'กาญจณา', 'แจ่มจรัส', '3560100898653', '', '228', '0000-00-00', '', '', 'นาง', 'DM', '15', '', 'อสม', 68, 160, 136, 78, 93, 84, NULL),
('514735', 'สงัด', 'พรมเดื่อ', '3360500219020', '', '29', '0000-00-00', '', '', 'นาง', 'HT', '5', '', 'สูงอายุ', 53, 145, 126, 70, 65, 70, NULL),
('525138', 'มาลี', 'ปะมาละ', '3560100998399', '', '66/1', '0000-00-00', '', '', 'น.ส.', 'HT', '4', '', 'สูงอายุ', 53, 150, 112, 78, 74, 73, NULL),
('533598', 'ทองทิพย์', 'ศรีคุ้ม', '3401800170743', '', '222', '0000-00-00', '', '', 'น.ส.', 'DM,HT', '15', '', 'สูงอายุ', 95, 157, 148, 87, 80, 83, NULL),
('543300', 'ดิษพงศ์', 'ม่วงงาม', '3509901487838', '', '58', '0000-00-00', '', '', 'นาย', 'DM,HT', '13', '', 'UC', 63, 164, 122, 74, 82, 84, NULL),
('544475', 'สมพัฒน์', 'ไกรอาบ', '3560100893031', '', '220', '0000-00-00', '', '', 'นาง', 'HT', '15', '', 'อสม', 58, 155, 123, 65, 82, 80, NULL),
('547446', 'โสรส', 'สมขุน', '3570501119574', '', '119', '0000-00-00', '', '', 'นาย', 'HT', '5', '', 'UC', 75, 170, 163, 90, 103, 83, NULL),
('551462', 'พิกุล', 'อดิศัยสกุล', '3560100616925', '', '379', '0000-00-00', '', '', 'นาง', 'HT', '13', '', 'ผู้นำชุมชน', 65, 145, 113, 75, 84, 80, NULL),
('55663', 'สว่าง', 'คำทา', '3560100890245', '', '9', '0000-00-00', '', '', 'นาย', 'HT', '8', '', 'สูงอายุ', 55, 153, 130, 58, 92, 80, NULL),
('567590', 'อำพา', 'ฤทธิอินทร์', '3570800224868', '', '233', '0000-00-00', '', '', 'นาง', 'HT', '15', '', 'สูงอายุ', 46, 140, 126, 65, 85, 82, NULL),
('58120', 'เลื่อน', '  จิตต์งาม', '5560100003458', '', '165', '0000-00-00', '', '', 'นาย', 'DM-HT', '6', '', 'สูงอายุ', 66, 165, 132, 76, 83, 84, NULL),
('594815', 'ชวลิต', 'สายหยุด', '3120100903928', '', '334', '0000-00-00', '', '', 'นาย', 'HT', '4', '', 'ปกส', 103, 171, 130, 78, 84, 84, NULL),
('598336', 'ใบสี', 'จันทร์มูล', '3560100996493', '', '180', '0000-00-00', '', '', 'นาง', 'HT', '6', '', 'UC', 59, 159, 116, 76, 84, 80, NULL),
('60498', 'มอญใส', 'รัตนเทศ', '4560100002682', '', '316', '0000-00-00', '', '', 'นาง', 'HT', '4', '', 'สูงอายุ', 62, 150, 126, 84, 82, 93, NULL),
('608064', 'วรายุส', 'เงินเย็น', '3560100608795', '', '427', '0000-00-00', '', '', 'นาย', 'HT', '4', '', 'UC', 58, 167, 130, 78, 75, 78, NULL),
('61443', 'แสงจันทร์', 'เมืองคำ', '3560100890881', '', '545', '0000-00-00', '', '', 'นาง', 'DM-HT', '5', '', 'สปร', 83, 160, 146, 72, 87, 105, NULL),
('61681', 'ดวงเดือน', 'วิสัย', '3560100897401', '', '210', '0000-00-00', '', '', 'นาง', 'DM,HT', '15', '', 'ทหารผ่านศึก', 50, 155, 152, 72, 86, 83, NULL),
('618228', 'อำพรรณ', 'วงศ์เรือง', '3560100628010', '', '162', '0000-00-00', '', '', 'นาง', 'HT/Thyroid/CPK', '5', '', 'สูงอายุ', 51, 154, 136, 61, 82, 82, NULL),
('620396', 'บัวสิน', 'เทียนเงิน', '3560100607187', '', '60/2', '0000-00-00', '', '', 'นาง', 'HT', '4', '', 'เบิกได้', 62, 161, 112, 75, 74, 84, NULL),
('633444', 'ศรีลา', 'บุญธรรม', '3530300089244', '', '210', '0000-00-00', '', '', 'น.ส.', 'HT', '6', '', 'UC', 55, 150, 130, 76, 70, 84, NULL),
('639575', 'ยงยุทธ', 'จำศิลป์', '3199700059379', '', '', '0000-00-00', '', '', 'นาย', 'HT', '17', '', 'UC', 75, 160, 132, 78, 79, 84, NULL),
('639576', 'Saksit', 'SBP', '1600101933633', '111', '1', '2024-09-13', 'A', '1150', 'นาย', '', '', '', '', 0, 0, 0, 0, 0, 0, NULL),
('639577', 'Jan', 'Jan', '1213123', '1 1', '1', '2024-09-19', 'A', '12312312', 'นาง', '', '', '', '', 0, 0, 0, 0, 0, 0, NULL),
('639580', 'Tae', 'Tae', '333', '111', '111', '2024-09-27', 'B', '1234', 'นาย', '', '', '', '', 70, 70, 70, 0, 0, 70, NULL),
('639581', 'Jan', 'Jan', '123', '123', '123', '2024-09-06', 'B', '123', 'นาง', '', '', '', '', 0, 0, 0, 0, 0, 0, NULL),
('67910', 'กู้', 'กาวิตา', '3560100613683', '', '181', '0000-00-00', '', '', 'นาย', 'HT', '17', '', 'สูงอายุ', 92, 163, 142, 84, 85, 88, NULL),
('71222', 'สุดาวรรณ', 'จักปวง', '3560100996272', '', '191', '0000-00-00', '', '', 'นาง', 'HT', '6', '', 'สปร', 60, 153, 136, 78, 71, 76, NULL),
('71497', 'เนตร', 'ปะมาละ', '3560100611265', '', '410', '0000-00-00', '', '', 'นาง', 'HT', '4', '', 'UC', 54, 155, 130, 86, 79, 78, NULL),
('71627', 'ทองคำ', 'รวมสุข', '3560100994997', '', '153', '0000-00-00', '', '', 'นาย', 'DM-HT', '6', '', 'อสม', 66, 158, 133, 78, 84, 84, NULL),
('81152', 'นัทธีนราทิป', 'ทองโกยอนันต์', '3569900196899', '', '502', '0000-00-00', '', '', 'นาย', 'HT', '5', '', 'สูงอายุ', 55, 158, 144, 84, 72, 80, NULL),
('85703', 'น้อย', 'ใจคำลือ', '3560100623239', '', '499', '0000-00-00', '', '', 'นาง', 'HT', '5', '', 'สูงอายุ', 59, 150, 132, 59, 77, 88, NULL),
('86611', 'ศรีหลาด', ' คำมี', '3560100891616', '', '500', '0000-00-00', '', '', 'นาง', 'HT', '5', '', 'สูงอายุ', 58, 150, 151, 80, 68, 83, NULL),
('88043', 'สุธรรม', 'กันทะวัง', '5560190018361', '', '10', '0000-00-00', '', '', 'นาย', 'HT', '6', '', 'ปกส', 61, 162, 112, 63, 75, 80, NULL),
('89724', 'แสงอรุณ', 'อินต๊ะวงค์ษา', '3560100922686', '', '197/1', '0000-00-00', '', '', 'นาง', 'DM-HT', '5', '', 'สปร', 54, 153, 123, 73, 100, 79, NULL),
('91162', 'ผัด ', 'ข่ายสุวรรณ', '3560100624154', '', '138', '0000-00-00', '', '', 'นาง', 'HT', '5', '', 'สูงอายุ', 39, 140, 130, 78, 72, 70, NULL),
('91186', 'อำนวย', 'วงค์มูล', '5570290000145', '', '146', '0000-00-00', '', '', 'นาย', 'DM', '6', '', 'UC', 78, 170, 136, 84, 96, 86, NULL),
('92232', 'บัวรอง', 'จักปวง', '3560100993010', '', '93/1', '0000-00-00', '', '', 'นาง', 'DM,HT', '6', '', 'สูงอายุ', 42, 147, 136, 78, 96, 69, NULL),
('94877', 'โฉมฉาย', 'จิตต์งาม', '3560100995586', '', '165/2', '0000-00-00', '', '', 'นาง', 'DM,HT', '6', '', 'สูงอายุ', 58, 158, 136, 74, 72, 76, NULL),
('95867', 'คำมา', 'บุญนาค', '3560100890580', '', '19', '0000-00-00', '', '', 'นาง', 'DM', '8', '', 'สูงอายุ', 69, 155, 98, 59, 73, 80, NULL);

-- --------------------------------------------------------

--
-- Table structure for table `patient_data`
--

CREATE TABLE `patient_data` (
  `HN` int(13) NOT NULL,
  `patient_nation` varchar(45) NOT NULL,
  `patient_race` varchar(45) NOT NULL,
  `patient_religion` varchar(45) NOT NULL,
  `patient_degree` varchar(45) NOT NULL,
  `patient_marital` varchar(45) NOT NULL,
  `patient_occupation` varchar(45) NOT NULL,
  `patient_sex` varchar(45) NOT NULL,
  `patient_right` varchar(45) NOT NULL,
  `patient_mom` varchar(255) NOT NULL,
  `patient_dad` varchar(255) NOT NULL,
  `patient_spouse` varchar(255) NOT NULL,
  `dad_idcard` varchar(13) NOT NULL,
  `mom_idcard` varchar(13) NOT NULL,
  `spouse_idcard` varchar(13) NOT NULL
) ENGINE=InnoDB DEFAULT CHARSET=utf8 COLLATE=utf8_thai_520_w2;

--
-- Dumping data for table `patient_data`
--

INSERT INTO `patient_data` (`HN`, `patient_nation`, `patient_race`, `patient_religion`, `patient_degree`, `patient_marital`, `patient_occupation`, `patient_sex`, `patient_right`, `patient_mom`, `patient_dad`, `patient_spouse`, `dad_idcard`, `mom_idcard`, `spouse_idcard`) VALUES
(10203, '1', '1', '1', '', '', '6', '2', '3', '', '', '', '', '', ''),
(12504, '', '', '', '', '', '', '', 'สูงอายุ', '', '', '', '', '', ''),
(14359, '', '', '', '', '', '', '', 'สปร', '', '', '', '', '', ''),
(17381, '', '', '', '', '', '', '', 'ค.อสม', '', '', '', '', '', ''),
(17642, '', '', '', '', '', '', '', 'สูงอายุ', '', '', '', '', '', ''),
(18080, '', '', '', '', '', '', '', 'สูงอายุ', '', '', '', '', '', ''),
(18277, '', '', '', '', '', '', '', 'สูงอายุ', '', '', '', '', '', ''),
(27758, '', '', '', '', '', '', '', 'สูงอายุ', '', '', '', '', '', ''),
(31384, '', '', '', '', '', '', '', 'อสม', '', '', '', '', '', ''),
(32691, '', '', '', '', '', '', '', 'สูงอายุ', '', '', '', '', '', ''),
(37009, '', '', '', '', '', '', '', 'สูงอายุ', '', '', '', '', '', ''),
(37565, '', '', '', '', '', '', '', 'สูงอายุ', '', '', '', '', '', ''),
(40868, '', '', '', '', '', '', '', 'พิการ', '', '', '', '', '', ''),
(42066, '', '', '', '', '', '', '', 'สูงอายุ', '', '', '', '', '', ''),
(45970, '', '', '', '', '', '', '', 'อสม', '', '', '', '', '', ''),
(55663, '', '', '', '', '', '', '', 'สูงอายุ', '', '', '', '', '', ''),
(58120, '', '', '', '', '', '', '', 'สูงอายุ', '', '', '', '', '', ''),
(60498, '', '', '', '', '', '', '', 'สูงอายุ', '', '', '', '', '', ''),
(61443, '', '', '', '', '', '', '', 'สปร', '', '', '', '', '', ''),
(61681, '', '', '', '', '', '', '', 'ทหารผ่านศึก', '', '', '', '', '', ''),
(67910, '', '', '', '', '', '', '', 'สูงอายุ', '', '', '', '', '', ''),
(71222, '', '', '', '', '', '', '', 'สปร', '', '', '', '', '', ''),
(71497, '', '', '', '', '', '', '', 'UC', '', '', '', '', '', ''),
(71627, '', '', '', '', '', '', '', 'อสม', '', '', '', '', '', ''),
(81152, '', '', '', '', '', '', '', 'สูงอายุ', '', '', '', '', '', ''),
(85703, '', '', '', '', '', '', '', 'สูงอายุ', '', '', '', '', '', ''),
(86611, '', '', '', '', '', '', '', 'สูงอายุ', '', '', '', '', '', ''),
(88043, '', '', '', '', '', '', '', 'ปกส', '', '', '', '', '', ''),
(89724, '', '', '', '', '', '', '', 'สปร', '', '', '', '', '', ''),
(91162, '', '', '', '', '', '', '', 'สูงอายุ', '', '', '', '', '', ''),
(91186, '', '', '', '', '', '', '', 'UC', '', '', '', '', '', ''),
(92232, '', '', '', '', '', '', '', 'สูงอายุ', '', '', '', '', '', ''),
(94877, '', '', '', '', '', '', '', 'สูงอายุ', '', '', '', '', '', ''),
(95867, '', '', '', '', '', '', '', 'สูงอายุ', '', '', '', '', '', ''),
(102530, '', '', '', '', '', '', '', 'สูงอายุ', '', '', '', '', '', ''),
(105530, '', '', '', '', '', '', '', 'อสม', '', '', '', '', '', ''),
(109451, '', '', '', '', '', '', '', 'สูงอายุ', '', '', '', '', '', ''),
(110608, '', '', '', '', '', '', '', 'สูงอายุ', '', '', '', '', '', ''),
(111453, '', '', '', '', '', '', '', 'สปร', '', '', '', '', '', ''),
(113378, '', '', '', '', '', '', '', 'ปกส', '', '', '', '', '', ''),
(114942, '', '', '', '', '', '', '', 'อสม', '', '', '', '', '', ''),
(116121, '', '', '', '', '', '', '', 'สูงอายุ', '', '', '', '', '', ''),
(124834, '', '', '', '', '', '', '', 'สูงอายุ', '', '', '', '', '', ''),
(125517, '', '', '', '', '', '', '', 'สูงอายุ', '', '', '', '', '', ''),
(125538, '', '', '', '', '', '', '', 'อสม', '', '', '', '', '', ''),
(127489, '', '', '', '', '', '', '', 'ปกส', '', '', '', '', '', ''),
(127731, '', '', '', '', '', '', '', 'อสม', '', '', '', '', '', ''),
(127992, '', '', '', '', '', '', '', 'สูงอายุ', '', '', '', '', '', ''),
(129116, '', '', '', '', '', '', '', 'สปร', '', '', '', '', '', ''),
(134313, '', '', '', '', '', '', '', 'ปกส', '', '', '', '', '', ''),
(135025, '', '', '', '', '', '', '', 'สูงอายุ', '', '', '', '', '', ''),
(137218, '', '', '', '', '', '', '', 'UC', '', '', '', '', '', ''),
(138194, '', '', '', '', '', '', '', 'สูงอายุ', '', '', '', '', '', ''),
(138757, '', '', '', '', '', '', '', 'สูงอายุ', '', '', '', '', '', ''),
(140329, '', '', '', '', '', '', '', 'สูงอายุ', '', '', '', '', '', ''),
(141472, '', '', '', '', '', '', '', 'ทหารผ่านศึก', '', '', '', '', '', ''),
(141800, '', '', '', '', '', '', '', 'สูงอายุ', '', '', '', '', '', ''),
(145588, '', '', '', '', '', '', '', 'อสม', '', '', '', '', '', ''),
(150912, '', '', '', '', '', '', '', 'สปร', '', '', '', '', '', ''),
(153172, '', '', '', '', '', '', '', 'ปกส', '', '', '', '', '', ''),
(153609, '', '', '', '', '', '', '', 'สูงอายุ', '', '', '', '', '', ''),
(154224, '', '', '', '', '', '', '', 'สูงอายุ', '', '', '', '', '', ''),
(159210, '', '', '', '', '', '', '', 'พิการ', '', '', '', '', '', ''),
(163027, '', '', '', '', '', '', '', 'สูงอายุ', '', '', '', '', '', ''),
(168810, '', '', '', '', '', '', '', 'สูงอายุ', '', '', '', '', '', ''),
(169784, '', '', '', '', '', '', '', 'สูงอายุ', '', '', '', '', '', ''),
(170538, '', '', '', '', '', '', '', 'สปร', '', '', '', '', '', ''),
(178781, '', '', '', '', '', '', '', 'อสม.', '', '', '', '', '', ''),
(179326, '', '', '', '', '', '', '', 'สูงอายุ', '', '', '', '', '', ''),
(181652, '', '', '', '', '', '', '', 'สูงอายุ', '', '', '', '', '', ''),
(186589, '', '', '', '', '', '', '', 'สูงอายุ', '', '', '', '', '', ''),
(188883, '', '', '', '', '', '', '', 'สูงอายุ', '', '', '', '', '', ''),
(189606, '', '', '', '', '', '', '', 'สูงอายุ', '', '', '', '', '', ''),
(190950, '', '', '', '', '', '', '', 'ปกส.', '', '', '', '', '', ''),
(191685, '', '', '', '', '', '', '', 'สูงอายุ', '', '', '', '', '', ''),
(192354, '', '', '', '', '', '', '', 'อสม', '', '', '', '', '', ''),
(192454, '', '', '', '', '', '', '', 'สูงอายุ', '', '', '', '', '', ''),
(192809, '', '', '', '', '', '', '', 'สูงอายุ', '', '', '', '', '', ''),
(193123, '', '', '', '', '', '', '', 'UC', '', '', '', '', '', ''),
(196639, '', '', '', '', '', '', '', 'สูงอายุ', '', '', '', '', '', ''),
(197504, '', '', '', '', '', '', '', 'สูงอายุ', '', '', '', '', '', ''),
(199653, '', '', '', '', '', '', '', 'สูงอายุ', '', '', '', '', '', ''),
(199791, '', '', '', '', '', '', '', 'สูงอายุ', '', '', '', '', '', ''),
(200018, '', '', '', '', '', '', '', 'สูงอายุ', '', '', '', '', '', ''),
(201437, '', '', '', '', '', '', '', 'สูงอายุ', '', '', '', '', '', ''),
(202132, '', '', '', '', '', '', '', 'สูงอายุ', '', '', '', '', '', ''),
(203316, '', '', '', '', '', '', '', 'สูงอายุ', '', '', '', '', '', ''),
(203699, '', '', '', '', '', '', '', 'สูงอายุ', '', '', '', '', '', ''),
(204778, '', '', '', '', '', '', '', 'เบิกได้', '', '', '', '', '', ''),
(206065, '', '', '', '', '', '', '', 'ปกส', '', '', '', '', '', ''),
(206623, '', '', '', '', '', '', '', 'อสม', '', '', '', '', '', ''),
(211194, '', '', '', '', '', '', '', 'อสม', '', '', '', '', '', ''),
(211625, '', '', '', '', '', '', '', 'สูงอายุ', '', '', '', '', '', ''),
(215268, '', '', '', '', '', '', '', 'สูงอายุ', '', '', '', '', '', ''),
(216984, '', '', '', '', '', '', '', 'ปกส', '', '', '', '', '', ''),
(221626, '', '', '', '', '', '', '', 'ปกส', '', '', '', '', '', ''),
(222816, '', '', '', '', '', '', '', 'สปร', '', '', '', '', '', ''),
(224194, '', '', '', '', '', '', '', 'สปร.', '', '', '', '', '', ''),
(224662, '', '', '', '', '', '', '', 'ค.อสม', '', '', '', '', '', ''),
(225325, '', '', '', '', '', '', '', 'สูงอายุ', '', '', '', '', '', ''),
(225612, '', '', '', '', '', '', '', 'สูงอายุ', '', '', '', '', '', ''),
(225641, '', '', '', '', '', '', '', 'อสม', '', '', '', '', '', ''),
(226382, '', '', '', '', '', '', '', 'ปกส', '', '', '', '', '', ''),
(226813, '', '', '', '', '', '', '', 'ปกส', '', '', '', '', '', ''),
(229206, '', '', '', '', '', '', '', 'เบิกได้', '', '', '', '', '', ''),
(229264, '', '', '', '', '', '', '', 'สูงอายุ', '', '', '', '', '', ''),
(231564, '', '', '', '', '', '', '', 'สูงอายุ', '', '', '', '', '', ''),
(233012, '', '', '', '', '', '', '', 'สูงอายุ', '', '', '', '', '', ''),
(233456, '', '', '', '', '', '', '', 'สูงอายุ', '', '', '', '', '', ''),
(234581, '', '', '', '', '', '', '', 'UC', '', '', '', '', '', ''),
(234591, '', '', '', '', '', '', '', 'สูงอายุ', '', '', '', '', '', ''),
(237642, '', '', '', '', '', '', '', 'ค.อสม', '', '', '', '', '', ''),
(237766, '', '', '', '', '', '', '', 'สูงอายุ', '', '', '', '', '', ''),
(240929, '', '', '', '', '', '', '', 'UC', '', '', '', '', '', ''),
(247655, '', '', '', '', '', '', '', 'UC', '', '', '', '', '', ''),
(248891, '', '', '', '', '', '', '', 'เบิกได้', '', '', '', '', '', ''),
(248930, '', '', '', '', '', '', '', 'สูงอายุ', '', '', '', '', '', ''),
(250803, '', '', '', '', '', '', '', 'สูงอายุ', '', '', '', '', '', ''),
(251159, '', '', '', '', '', '', '', 'สูงอายุ', '', '', '', '', '', ''),
(251890, '', '', '', '', '', '', '', 'สูงอายุ', '', '', '', '', '', ''),
(251998, '', '', '', '', '', '', '', 'UC', '', '', '', '', '', ''),
(252372, '', '', '', '', '', '', '', 'ปกส', '', '', '', '', '', ''),
(252401, '', '', '', '', '', '', '', 'UC', '', '', '', '', '', ''),
(252460, '', '', '', '', '', '', '', 'อสม', '', '', '', '', '', ''),
(252602, '', '', '', '', '', '', '', 'สูงอายุ', '', '', '', '', '', ''),
(253859, '', '', '', '', '', '', '', 'สูงอายุ', '', '', '', '', '', ''),
(255006, '', '', '', '', '', '', '', 'สูงอายุ', '', '', '', '', '', ''),
(256785, '', '', '', '', '', '', '', 'สูงอายุ', '', '', '', '', '', ''),
(258318, '', '', '', '', '', '', '', 'สูงอายุ', '', '', '', '', '', ''),
(259309, '', '', '', '', '', '', '', 'สูงอายุ', '', '', '', '', '', ''),
(259860, '', '', '', '', '', '', '', 'สูงอายุ', '', '', '', '', '', ''),
(262678, '', '', '', '', '', '', '', 'อสม.', '', '', '', '', '', ''),
(267857, '', '', '', '', '', '', '', 'อสม', '', '', '', '', '', ''),
(269216, '', '', '', '', '', '', '', 'สูงอายุ', '', '', '', '', '', ''),
(271015, '', '', '', '', '', '', '', 'สูงอายุ', '', '', '', '', '', ''),
(271035, '', '', '', '', '', '', '', 'สูงอายุ', '', '', '', '', '', ''),
(272215, '', '', '', '', '', '', '', 'สูงอายุ', '', '', '', '', '', ''),
(276633, '', '', '', '', '', '', '', 'UC', '', '', '', '', '', ''),
(285658, '', '', '', '', '', '', '', 'ปกส', '', '', '', '', '', ''),
(288408, '', '', '', '', '', '', '', 'UC', '', '', '', '', '', ''),
(289222, '', '', '', '', '', '', '', 'สูงอายุ', '', '', '', '', '', ''),
(291268, '', '', '', '', '', '', '', 'UC', '', '', '', '', '', ''),
(292001, '', '', '', '', '', '', '', 'สูงอายุ', '', '', '', '', '', ''),
(293026, '', '', '', '', '', '', '', 'ค.อสม', '', '', '', '', '', ''),
(294111, '', '', '', '', '', '', '', 'สูงอายุ', '', '', '', '', '', ''),
(294923, '', '', '', '', '', '', '', 'UC', '', '', '', '', '', ''),
(295156, '', '', '', '', '', '', '', 'ปกส', '', '', '', '', '', ''),
(297462, '', '', '', '', '', '', '', 'อสม', '', '', '', '', '', ''),
(298265, '', '', '', '', '', '', '', 'สปร', '', '', '', '', '', ''),
(299062, '', '', '', '', '', '', '', 'สูงอายุ', '', '', '', '', '', ''),
(300513, '', '', '', '', '', '', '', 'อสม', '', '', '', '', '', ''),
(302379, '', '', '', '', '', '', '', 'สูงอายุ', '', '', '', '', '', ''),
(302679, '', '', '', '', '', '', '', 'สูงอายุ', '', '', '', '', '', ''),
(303839, '', '', '', '', '', '', '', 'สูงอายุ', '', '', '', '', '', ''),
(304574, '', '', '', '', '', '', '', 'UC', '', '', '', '', '', ''),
(304647, '', '', '', '', '', '', '', 'สูงอายุ', '', '', '', '', '', ''),
(305129, '', '', '', '', '', '', '', 'ข้าราชการท้องถิ่น', '', '', '', '', '', ''),
(305657, '', '', '', '', '', '', '', 'สปร', '', '', '', '', '', ''),
(305763, '', '', '', '', '', '', '', 'สูงอายุ', '', '', '', '', '', ''),
(306079, '', '', '', '', '', '', '', 'ทหารผ่านศึก', '', '', '', '', '', ''),
(306570, '', '', '', '', '', '', '', 'สูงอายุ', '', '', '', '', '', ''),
(306703, '', '', '', '', '', '', '', 'สูงอายุ', '', '', '', '', '', ''),
(307032, '', '', '', '', '', '', '', 'สูงอายุ', '', '', '', '', '', ''),
(310770, '', '', '', '', '', '', '', 'ปกส', '', '', '', '', '', ''),
(311425, '', '', '', '', '', '', '', 'สูงอายุ', '', '', '', '', '', ''),
(312560, '', '', '', '', '', '', '', 'เบิกได้', '', '', '', '', '', ''),
(315184, '', '', '', '', '', '', '', 'อสม', '', '', '', '', '', ''),
(315438, '', '', '', '', '', '', '', 'พิการ', '', '', '', '', '', ''),
(316939, '', '', '', '', '', '', '', 'สูงอายุ', '', '', '', '', '', ''),
(318311, '', '', '', '', '', '', '', 'อสม', '', '', '', '', '', ''),
(318368, '', '', '', '', '', '', '', 'สปร', '', '', '', '', '', ''),
(318585, '', '', '', '', '', '', '', 'พิการ', '', '', '', '', '', ''),
(320489, '', '', '', '', '', '', '', 'UC', '', '', '', '', '', ''),
(323782, '', '', '', '', '', '', '', 'อสม', '', '', '', '', '', ''),
(324934, '', '', '', '', '', '', '', 'สูงอายุ', '', '', '', '', '', ''),
(325092, '', '', '', '', '', '', '', 'UC', '', '', '', '', '', ''),
(325471, '', '', '', '', '', '', '', 'สูงอายุ', '', '', '', '', '', ''),
(326808, '', '', '', '', '', '', '', 'UC', '', '', '', '', '', ''),
(327527, '', '', '', '', '', '', '', 'สูงอายุ', '', '', '', '', '', ''),
(328395, '', '', '', '', '', '', '', 'UC', '', '', '', '', '', ''),
(328744, '', '', '', '', '', '', '', 'UC', '', '', '', '', '', ''),
(330022, '', '', '', '', '', '', '', 'สูงอายุ', '', '', '', '', '', ''),
(330559, '', '', '', '', '', '', '', 'สูงอายุ', '', '', '', '', '', ''),
(330622, '', '', '', '', '', '', '', 'สูงอายุ', '', '', '', '', '', ''),
(331283, '', '', '', '', '', '', '', 'สปร', '', '', '', '', '', ''),
(332243, '', '', '', '', '', '', '', 'ปกส', '', '', '', '', '', ''),
(335302, '', '', '', '', '', '', '', 'อสม', '', '', '', '', '', ''),
(335722, '', '', '', '', '', '', '', 'อสม', '', '', '', '', '', ''),
(335856, '', '', '', '', '', '', '', 'สูงอายุ', '', '', '', '', '', ''),
(335951, '', '', '', '', '', '', '', 'สูงอายุ', '', '', '', '', '', ''),
(336452, '', '', '', '', '', '', '', 'สูงอายุ', '', '', '', '', '', ''),
(337905, '', '', '', '', '', '', '', 'สูงอายุ', '', '', '', '', '', ''),
(340166, '', '', '', '', '', '', '', 'UC', '', '', '', '', '', ''),
(340968, '', '', '', '', '', '', '', 'สูงอายุ', '', '', '', '', '', ''),
(341247, '', '', '', '', '', '', '', 'สูงอายุ', '', '', '', '', '', ''),
(342184, '', '', '', '', '', '', '', 'สปร', '', '', '', '', '', ''),
(346828, '', '', '', '', '', '', '', 'UC', '', '', '', '', '', ''),
(349282, '', '', '', '', '', '', '', 'สูงอายุ', '', '', '', '', '', ''),
(349549, '', '', '', '', '', '', '', 'ปกส', '', '', '', '', '', ''),
(349581, '', '', '', '', '', '', '', 'สูงอายุ', '', '', '', '', '', ''),
(350332, '', '', '', '', '', '', '', 'สูงอายุ', '', '', '', '', '', ''),
(350726, '', '', '', '', '', '', '', 'สูงอายุ', '', '', '', '', '', ''),
(350732, '', '', '', '', '', '', '', 'สูงอายุ', '', '', '', '', '', ''),
(350842, '', '', '', '', '', '', '', 'สูงอายุ', '', '', '', '', '', ''),
(355930, '', '', '', '', '', '', '', 'สูงอายุ', '', '', '', '', '', ''),
(356414, '', '', '', '', '', '', '', 'ค.อสม.', '', '', '', '', '', ''),
(357789, '', '', '', '', '', '', '', 'สปร.', '', '', '', '', '', ''),
(359637, '', '', '', '', '', '', '', 'สูงอายุ', '', '', '', '', '', ''),
(359824, '', '', '', '', '', '', '', 'สูงอายุ', '', '', '', '', '', ''),
(360296, '', '', '', '', '', '', '', 'ค.อสม', '', '', '', '', '', ''),
(361878, '', '', '', '', '', '', '', 'สูงอายุ', '', '', '', '', '', ''),
(367162, '', '', '', '', '', '', '', 'สปร', '', '', '', '', '', ''),
(368176, '', '', '', '', '', '', '', 'สูงอายุ', '', '', '', '', '', ''),
(370145, '', '', '', '', '', '', '', 'อสม', '', '', '', '', '', ''),
(380606, '', '', '', '', '', '', '', 'อสม.', '', '', '', '', '', ''),
(382793, '', '', '', '', '', '', '', 'ค.อสม.', '', '', '', '', '', ''),
(382891, '', '', '', '', '', '', '', 'สปร', '', '', '', '', '', ''),
(386037, '', '', '', '', '', '', '', 'สปร', '', '', '', '', '', ''),
(386383, '', '', '', '', '', '', '', 'สูงอายุ', '', '', '', '', '', ''),
(393084, '', '', '', '', '', '', '', 'สูงอายุ', '', '', '', '', '', ''),
(393497, '', '', '', '', '', '', '', 'ปกส', '', '', '', '', '', ''),
(394188, '', '', '', '', '', '', '', 'สูงอายุ', '', '', '', '', '', ''),
(399797, '', '', '', '', '', '', '', 'ปกส', '', '', '', '', '', ''),
(400434, '', '', '', '', '', '', '', 'ปกส.', '', '', '', '', '', ''),
(400549, '', '', '', '', '', '', '', 'อสม', '', '', '', '', '', ''),
(400882, '', '', '', '', '', '', '', 'เบิกได้', '', '', '', '', '', ''),
(403544, '', '', '', '', '', '', '', 'อสม', '', '', '', '', '', ''),
(403595, '', '', '', '', '', '', '', 'สปร', '', '', '', '', '', ''),
(404871, '', '', '', '', '', '', '', 'สูงอายุ', '', '', '', '', '', ''),
(407604, '', '', '', '', '', '', '', 'สูงอายุ', '', '', '', '', '', ''),
(410753, '', '', '', '', '', '', '', 'สูงอายุ', '', '', '', '', '', ''),
(411969, '', '', '', '', '', '', '', 'สูงอายุ', '', '', '', '', '', ''),
(413073, '', '', '', '', '', '', '', 'UC', '', '', '', '', '', ''),
(413083, '', '', '', '', '', '', '', 'ค.อสม', '', '', '', '', '', ''),
(414690, '', '', '', '', '', '', '', 'UC', '', '', '', '', '', ''),
(416724, '', '', '', '', '', '', '', 'อสม', '', '', '', '', '', ''),
(417051, '', '', '', '', '', '', '', 'ปกส.', '', '', '', '', '', ''),
(417254, '', '', '', '', '', '', '', 'สูงอายุ', '', '', '', '', '', ''),
(418406, '', '', '', '', '', '', '', 'UC', '', '', '', '', '', ''),
(419678, '', '', '', '', '', '', '', 'ค.อสม', '', '', '', '', '', ''),
(420781, '', '', '', '', '', '', '', 'สปร', '', '', '', '', '', ''),
(421192, '', '', '', '', '', '', '', 'สูงอายุ', '', '', '', '', '', ''),
(421308, '', '', '', '', '', '', '', 'ค.อสม', '', '', '', '', '', ''),
(421355, '', '', '', '', '', '', '', 'สูงอายุ', '', '', '', '', '', ''),
(424030, '', '', '', '', '', '', '', 'อสม', '', '', '', '', '', ''),
(424988, '', '', '', '', '', '', '', 'ปกส', '', '', '', '', '', ''),
(425605, '', '', '', '', '', '', '', 'ปกส', '', '', '', '', '', ''),
(431375, '', '', '', '', '', '', '', 'สูงอายุ', '', '', '', '', '', ''),
(431390, '', '', '', '', '', '', '', 'ปกส', '', '', '', '', '', ''),
(431522, '', '', '', '', '', '', '', 'UC', '', '', '', '', '', ''),
(434536, '', '', '', '', '', '', '', 'สูงอายุ', '', '', '', '', '', ''),
(436020, '', '', '', '', '', '', '', 'สูงอายุ', '', '', '', '', '', ''),
(436515, '', '', '', '', '', '', '', 'สูงอายุ', '', '', '', '', '', ''),
(438483, '', '', '', '', '', '', '', 'สูงอายุ', '', '', '', '', '', ''),
(438571, '', '', '', '', '', '', '', 'สูงอายุ', '', '', '', '', '', ''),
(439940, '', '', '', '', '', '', '', 'สูงอายุ', '', '', '', '', '', ''),
(441306, '', '', '', '', '', '', '', 'สปร', '', '', '', '', '', ''),
(447376, '', '', '', '', '', '', '', 'ปกส', '', '', '', '', '', ''),
(452962, '', '', '', '', '', '', '', 'สูงอายุ', '', '', '', '', '', ''),
(456025, '', '', '', '', '', '', '', 'สูงอายุ', '', '', '', '', '', ''),
(457539, '', '', '', '', '', '', '', 'ค.อสม', '', '', '', '', '', ''),
(460650, '', '', '', '', '', '', '', 'สูงอายุ', '', '', '', '', '', ''),
(462321, '', '', '', '', '', '', '', 'สูงอายุ', '', '', '', '', '', ''),
(462598, '', '', '', '', '', '', '', 'UC', '', '', '', '', '', ''),
(466349, '', '', '', '', '', '', '', 'สูงอายุ', '', '', '', '', '', ''),
(466354, '', '', '', '', '', '', '', 'สูงอายุ', '', '', '', '', '', ''),
(467249, '', '', '', '', '', '', '', 'สูงอายุ', '', '', '', '', '', ''),
(467623, '', '', '', '', '', '', '', 'สูงอายุ', '', '', '', '', '', ''),
(468972, '', '', '', '', '', '', '', 'สูงอายุ', '', '', '', '', '', ''),
(470851, '', '', '', '', '', '', '', 'UC', '', '', '', '', '', ''),
(472338, '', '', '', '', '', '', '', 'UC', '', '', '', '', '', ''),
(473991, '', '', '', '', '', '', '', 'ผู้นำชุมชน', '', '', '', '', '', ''),
(474493, '', '', '', '', '', '', '', 'สปร', '', '', '', '', '', ''),
(482868, '', '', '', '', '', '', '', 'สูงอายุ', '', '', '', '', '', ''),
(483868, '', '', '', '', '', '', '', 'สูงอายุ', '', '', '', '', '', ''),
(484973, '', '', '', '', '', '', '', 'สูงอายุ', '', '', '', '', '', ''),
(485730, '', '', '', '', '', '', '', 'ค.อสม', '', '', '', '', '', ''),
(485732, '', '', '', '', '', '', '', 'ผู้นำชุมชน', '', '', '', '', '', ''),
(488706, '', '', '', '', '', '', '', 'สูงอายุ', '', '', '', '', '', ''),
(496612, '', '', '', '', '', '', '', 'ปกส', '', '', '', '', '', ''),
(502482, '', '', '', '', '', '', '', 'สูงอายุ', '', '', '', '', '', ''),
(502487, '', '', '', '', '', '', '', 'สูงอายุ', '', '', '', '', '', ''),
(505432, '', '', '', '', '', '', '', 'สูงอายุ', '', '', '', '', '', ''),
(511913, '', '', '', '', '', '', '', 'อสม', '', '', '', '', '', ''),
(514735, '', '', '', '', '', '', '', 'สูงอายุ', '', '', '', '', '', ''),
(525138, '', '', '', '', '', '', '', 'สูงอายุ', '', '', '', '', '', ''),
(533598, '', '', '', '', '', '', '', 'สูงอายุ', '', '', '', '', '', ''),
(543300, '', '', '', '', '', '', '', 'UC', '', '', '', '', '', ''),
(544475, '', '', '', '', '', '', '', 'อสม', '', '', '', '', '', ''),
(547446, '', '', '', '', '', '', '', 'UC', '', '', '', '', '', ''),
(551462, '', '', '', '', '', '', '', 'ผู้นำชุมชน', '', '', '', '', '', ''),
(567590, '', '', '', '', '', '', '', 'สูงอายุ', '', '', '', '', '', ''),
(594815, '', '', '', '', '', '', '', 'ปกส', '', '', '', '', '', ''),
(598336, '', '', '', '', '', '', '', 'UC', '', '', '', '', '', ''),
(608064, '', '', '', '', '', '', '', 'UC', '', '', '', '', '', ''),
(618228, '', '', '', '', '', '', '', 'สูงอายุ', '', '', '', '', '', ''),
(620396, '', '', '', '', '', '', '', 'เบิกได้', '', '', '', '', '', ''),
(633444, '', '', '', '', '', '', '', 'UC', '', '', '', '', '', ''),
(639576, '1', '1', '1', '1', '1', '3', '1', '3', '-', '-', '-', '-', '-', '-'),
(639577, '1', '1', '1', '1', '2', '3', '1', '1', '-', '-', '-', '-', '--', '-'),
(639581, '1', '1', '2', '2', '1', '3', '2', '2', '13', '123', '123', '123', '123', '1123');

-- --------------------------------------------------------

--
-- Table structure for table `patient_history`
--

CREATE TABLE `patient_history` (
  `idpatient_history` int(13) NOT NULL,
  `idadmin` int(13) NOT NULL,
  `HN` varchar(13) CHARACTER SET utf8mb4 COLLATE utf8mb4_thai_520_w2 NOT NULL,
  `detail` varchar(255) CHARACTER SET utf8mb4 COLLATE utf8mb4_thai_520_w2 NOT NULL,
  `record_time` timestamp NULL DEFAULT NULL,
  `date_treatment` date DEFAULT NULL,
  `iddisease` varchar(13) CHARACTER SET utf8mb4 COLLATE utf8mb4_thai_520_w2 DEFAULT NULL,
  `weight` int(13) NOT NULL,
  `height` int(13) NOT NULL,
  `bps` int(13) NOT NULL,
  `bpd` int(13) NOT NULL,
  `p` int(13) NOT NULL
) ENGINE=InnoDB DEFAULT CHARSET=utf8mb4 COLLATE=utf8mb4_general_ci;

--
-- Dumping data for table `patient_history`
--

INSERT INTO `patient_history` (`idpatient_history`, `idadmin`, `HN`, `detail`, `record_time`, `date_treatment`, `iddisease`, `weight`, `height`, `bps`, `bpd`, `p`) VALUES
(303, 1, '639576', 'แดกเยอะ', '2024-09-27 09:16:58', '2024-09-19', '3', 80, 170, 60, 0, 0),
(304, 1, '639576', 'กินไก่เยอะ', '2024-09-27 09:16:38', '2024-09-19', '5', 0, 0, 0, 0, 0),
(305, 1, '102530', '1453', '2024-09-19 07:01:13', '2024-09-19', '1', 0, 0, 0, 0, 0);

--
-- Indexes for dumped tables
--

--
-- Indexes for table `admin`
--
ALTER TABLE `admin`
  ADD PRIMARY KEY (`idadmin`),
  ADD KEY `idadmin` (`idadmin`);

--
-- Indexes for table `appointment`
--
ALTER TABLE `appointment`
  ADD PRIMARY KEY (`idappointment`),
  ADD KEY `HN` (`HN`),
  ADD KEY `idadmin` (`idadmin`),
  ADD KEY `appointment_time` (`appointment_time`,`appointment_location`,`appointment_reason`),
  ADD KEY `status` (`status`);

--
-- Indexes for table `appointment_location`
--
ALTER TABLE `appointment_location`
  ADD PRIMARY KEY (`idlocation`);

--
-- Indexes for table `appointment_reason`
--
ALTER TABLE `appointment_reason`
  ADD PRIMARY KEY (`idreason`);

--
-- Indexes for table `appointment_status`
--
ALTER TABLE `appointment_status`
  ADD PRIMARY KEY (`idstatus`);

--
-- Indexes for table `appointment_time`
--
ALTER TABLE `appointment_time`
  ADD PRIMARY KEY (`id_time`);

--
-- Indexes for table `disease`
--
ALTER TABLE `disease`
  ADD PRIMARY KEY (`iddisease`);

--
-- Indexes for table `patient`
--
ALTER TABLE `patient`
  ADD PRIMARY KEY (`HN`),
  ADD KEY `patient_idcard` (`patient_idcard`);

--
-- Indexes for table `patient_data`
--
ALTER TABLE `patient_data`
  ADD PRIMARY KEY (`HN`);

--
-- Indexes for table `patient_history`
--
ALTER TABLE `patient_history`
  ADD PRIMARY KEY (`idpatient_history`,`HN`);

--
-- AUTO_INCREMENT for dumped tables
--

--
-- AUTO_INCREMENT for table `admin`
--
ALTER TABLE `admin`
  MODIFY `idadmin` int(13) NOT NULL AUTO_INCREMENT, AUTO_INCREMENT=8;

--
-- AUTO_INCREMENT for table `appointment`
--
ALTER TABLE `appointment`
  MODIFY `idappointment` int(11) NOT NULL AUTO_INCREMENT, AUTO_INCREMENT=62;
COMMIT;

/*!40101 SET CHARACTER_SET_CLIENT=@OLD_CHARACTER_SET_CLIENT */;
/*!40101 SET CHARACTER_SET_RESULTS=@OLD_CHARACTER_SET_RESULTS */;
/*!40101 SET COLLATION_CONNECTION=@OLD_COLLATION_CONNECTION */;
